Rk,Player,Pos,Age,Team,G,MP,,FG,2P,3P,eFG,FT,TS,FTr,3PAr,,FG+,2P+,3P+,eFG+,FT+,TS+,FTr+,3PAr+,,FG Add,TS Add,-9999
1,Precious Achiuwa,C,22,TOR,73,1725,,.439,.468,.359,.486,.595,.503,.217,.259,,95,88,102,91,77,89,88,65,,-55.2,-83.8,achiupr01
2,Steven Adams,C,28,MEM,76,1999,,.547,.548,.000,.547,.543,.560,.518,.003,,119,103,,103,70,99,209,1,,11.7,-5.8,adamsst01
3,Bam Adebayo,C,24,MIA,56,1825,,.557,.562,.000,.557,.753,.608,.466,.008,,121,105,,105,97,107,188,2,,36.8,73.4,adebaba01
4,Santi Aldama,PF,21,MEM,32,360,,.402,.560,.125,.424,.625,.452,.242,.364,,87,105,35,80,81,80,98,91,,-28.4,-33.4,aldamsa01
5,LaMarcus Aldridge,C,36,BRK,47,1050,,.550,.578,.304,.566,.873,.604,.223,.100,,119,108,86,106,113,107,90,25,,31.0,37.7,aldrila01
6,Nickeil Alexander-Walker,SG,23,TOT,65,1466,,.372,.433,.311,.449,.743,.475,.160,.497,,81,81,88,84,96,84,65,124,,-112.1,-132.0,alexani01
7,Grayson Allen,SG,26,MIL,66,1805,,.448,.533,.409,.588,.865,.609,.130,.684,,97,100,116,111,112,108,52,171,,63.9,52.0,allengr01
8,Jarrett Allen,C,23,CLE,56,1809,,.677,.688,.100,.678,.708,.698,.428,.018,,147,129,28,128,91,123,172,5,,159.5,171.0,allenja01
9,Jose Alvarado,PG,23,NOP,54,834,,.446,.538,.291,.500,.679,.520,.180,.374,,97,101,82,94,88,92,73,94,,-18.6,-29.2,alvarjo01
10,Justin Anderson,SF,28,TOT,16,316,,.379,.583,.254,.458,.789,.493,.200,.621,,82,110,72,86,102,87,81,156,,-14.0,-15.0,anderju01
11,Kyle Anderson,PF,28,MEM,69,1484,,.446,.481,.330,.484,.638,.506,.224,.232,,97,90,93,91,82,89,90,58,,-44.7,-62.2,anderky01
12,Giannis Antetokounmpo,PF,27,MIL,67,2204,,.553,.616,.293,.582,.722,.633,.615,.194,,120,116,83,109,93,112,248,49,,125.1,211.1,antetgi01
13,Thanasis Antetokounmpo,SF,29,MIL,48,473,,.547,.596,.143,.555,.630,.577,.359,.109,,119,112,40,104,81,102,145,27,,5.9,3.2,antetth01
14,Carmelo Anthony,PF,37,LAL,69,1793,,.441,.521,.375,.544,.830,.579,.220,.549,,96,98,106,102,107,102,89,138,,18.2,21.4,anthoca01
15,Cole Anthony,PG,21,ORL,65,2059,,.391,.432,.338,.464,.854,.519,.277,.429,,85,81,95,87,110,92,112,107,,-123.8,-96.4,anthoco01
16,OG Anunoby,SF,24,TOR,48,1728,,.443,.511,.363,.526,.754,.549,.169,.455,,96,96,103,99,97,97,68,114,,-8.2,-25.8,anunoog01
17,Ryan Arcidiacono,PG,27,NYK,10,76,,.500,.667,.444,.667,,.667,.000,.750,,108,125,126,125,,118,,188,,3.2,2.4,arcidry01
18,Trevor Ariza,SF,36,LAL,24,462,,.333,.520,.270,.434,.556,.449,.182,.747,,72,98,76,82,72,79,73,187,,-19.3,-25.0,arizatr01
19,D.J. Augustin,PG,34,TOT,55,883,,.423,.448,.415,.577,.884,.610,.194,.739,,92,84,117,108,114,108,78,185,,19.9,21.3,augusdj01
20,Deni Avdija,SF,21,WAS,82,1984,,.432,.525,.317,.503,.757,.536,.235,.447,,94,99,90,95,98,95,95,112,,-33.7,-38.2,avdijde01
21,Joel Ayayi,SG,21,WAS,7,20,,.167,.200,.000,.167,,.167,.000,.167,,36,38,,31,,29,,42,,-4.4,-4.8,ayayijo01
22,Deandre Ayton,C,23,PHO,58,1713,,.634,.642,.368,.639,.746,.656,.204,.027,,138,120,104,120,96,116,82,7,,149.8,137.3,aytonde01
23,Udoka Azubuike,C,22,UTA,17,195,,.755,.755,,.755,.545,.743,.224,.000,,164,142,,142,70,131,90,,,21.9,19.1,azubuud01
24,Marvin Bagley III,PF,22,TOT,48,1146,,.504,.579,.237,.530,.663,.551,.226,.217,,109,109,67,100,86,97,91,54,,-1.3,-15.2,baglema01
25,LaMelo Ball,PG,20,CHO,75,2422,,.429,.462,.389,.517,.872,.554,.194,.451,,93,87,110,97,113,98,78,113,,-37.5,-32.6,ballla01
26,Lonzo Ball,PG,24,CHI,35,1212,,.423,.423,.423,.567,.750,.575,.073,.679,,92,79,120,107,97,102,29,170,,26.7,7.5,balllo01
27,Mo Bamba,C,23,ORL,71,1824,,.480,.562,.381,.566,.781,.582,.118,.455,,104,106,108,107,101,103,48,114,,42.9,21.2,bambamo01
28,Desmond Bane,SG,23,MEM,76,2266,,.461,.484,.436,.565,.903,.592,.141,.475,,100,91,123,106,117,105,57,119,,73.2,60.5,banede01
29,Dalano Banton,PG,22,TOR,64,696,,.411,.464,.255,.443,.591,.463,.218,.252,,89,87,72,83,76,82,88,63,,-35.8,-45.6,bantoda01
30,Cat Barber,PG,27,ATL,3,13,,.000,.000,,.000,.000,.000,1.000,.000,,,,,,,,403,,,-4.3,-6.5,barbeca01
31,Harrison Barnes,PF,29,SAC,77,2587,,.469,.525,.394,.554,.826,.623,.495,.432,,102,99,112,104,107,110,200,108,,37.1,115.2,barneha02
32,Scottie Barnes,PF,20,TOR,74,2617,,.492,.543,.301,.524,.735,.552,.231,.207,,107,102,85,98,95,98,93,52,,-15.1,-28.1,barnesc01
33,RJ Barrett,SF,21,NYK,70,2417,,.408,.442,.342,.466,.714,.511,.340,.338,,88,83,97,88,92,90,137,85,,-157.7,-151.8,barrerj01
34,Will Barton,SG,31,DEN,71,2277,,.438,.504,.365,.525,.803,.548,.142,.480,,95,95,103,99,104,97,57,120,,-11.8,-34.5,bartowi01
35,Charles Bassey,C,21,PHI,23,168,,.638,.698,.000,.638,.750,.660,.255,.085,,138,131,,120,97,117,103,21,,10.0,9.8,bassech01
36,Paris Bass,SF,26,PHO,2,7,,.333,.500,.000,.333,1.000,.436,.333,.333,,72,94,,63,129,77,134,83,,-2.4,-1.8,basspa01
37,Keita Bates-Diop,SF,26,SAS,59,956,,.517,.572,.309,.549,.754,.578,.232,.209,,112,107,87,103,97,102,93,52,,9.3,6.9,bateske01
38,Nicolas Batum,PF,33,LAC,59,1462,,.463,.607,.400,.602,.658,.608,.098,.698,,100,114,113,113,85,107,40,175,,54.5,34.0,batumni01
39,Kent Bazemore,SF,32,LAL,39,545,,.324,.271,.362,.428,.765,.451,.122,.576,,70,51,103,81,99,80,49,144,,-28.8,-33.8,bazemke01
40,Darius Bazley,PF,21,OKC,69,1924,,.422,.511,.297,.484,.688,.515,.262,.414,,92,96,84,91,89,91,106,104,,-62.1,-74.3,bazleda01
41,Bradley Beal,SG,28,WAS,40,1439,,.451,.508,.300,.492,.833,.539,.263,.272,,98,95,85,93,107,95,106,68,,-60.9,-45.9,bealbr01
42,Malik Beasley,SG,25,MIN,79,1976,,.391,.432,.377,.532,.817,.544,.071,.749,,85,81,107,100,105,96,28,188,,.1,-39.1,beaslma01
43,Jordan Bell,C,27,CHI,1,2,,,,,,,,,,,,,,,,,,,,.0,.0,belljo01
44,DeAndre' Bembry,SF,27,TOT,56,1026,,.561,.589,.417,.595,.600,.601,.158,.163,,122,111,118,112,77,106,64,41,,28.0,16.4,bembrde01
45,Dāvis Bertāns,PF,29,TOT,56,807,,.360,.489,.335,.500,.900,.531,.145,.836,,78,92,95,94,116,94,59,209,,-17.4,-20.2,bertada01
46,Patrick Beverley,PG,33,MIN,58,1476,,.406,.485,.343,.501,.722,.539,.305,.555,,88,91,97,94,93,95,123,139,,-26.6,-26.8,beverpa01
47,Saddiq Bey,SF,22,DET,82,2704,,.396,.454,.346,.489,.827,.529,.224,.537,,86,85,98,92,107,94,90,134,,-97.0,-91.5,beysa01
48,Khem Birch,C,29,TOR,55,991,,.485,.522,.000,.485,.746,.534,.355,.070,,105,98,,91,96,94,143,18,,-18.7,-14.8,birchkh01
49,Goga Bitadze,C,22,IND,50,729,,.520,.628,.287,.565,.681,.595,.373,.317,,113,118,81,106,88,105,150,80,,17.0,16.9,bitadgo01
50,Bismack Biyombo,C,29,PHO,36,506,,.593,.593,,.593,.535,.596,.490,.000,,129,111,,112,69,105,197,,,17.8,10.5,biyombi01
51,Nemanja Bjelica,C,33,GSW,71,1142,,.468,.549,.362,.547,.728,.573,.237,.436,,101,103,102,103,94,101,95,109,,10.3,5.5,bjeline01
52,Eric Bledsoe,PG,32,LAC,54,1361,,.421,.479,.313,.475,.761,.514,.250,.348,,91,90,88,89,98,91,101,87,,-52.7,-54.0,bledser01
53,Keljin Blevins,SF,26,POR,31,349,,.306,.333,.292,.401,.545,.410,.099,.649,,66,63,82,75,70,72,40,162,,-29.0,-36.1,blevike01
54,Bogdan Bogdanović,SG,29,ATL,63,1848,,.431,.516,.368,.537,.843,.562,.145,.578,,93,97,104,101,109,99,58,145,,8.7,-6.1,bogdabo01
55,Bojan Bogdanović,PF,32,UTA,69,2131,,.455,.524,.387,.552,.858,.599,.280,.504,,99,98,109,104,111,106,113,126,,38.2,68.0,bogdabo02
56,Bol Bol,PF,22,DEN,14,81,,.556,.609,.250,.574,.400,.565,.185,.148,,120,114,71,108,52,100,75,37,,2.3,-0.1,bolbo01
57,Leandro Bolmaro,SF,21,MIN,35,241,,.315,.333,.278,.361,.846,.419,.241,.333,,68,63,79,68,109,74,97,83,,-18.4,-17.6,bolmale01
58,Isaac Bonga,SF,22,TOR,15,69,,.231,.222,.250,.269,.625,.363,.615,.308,,50,42,71,51,81,64,248,77,,-6.8,-6.7,bongais01
59,Devin Booker,SG,25,PHO,68,2345,,.466,.508,.383,.530,.868,.576,.255,.336,,101,95,108,100,112,102,103,84,,-4.1,32.6,bookede01
60,Brandon Boston Jr.,SG,20,LAC,51,760,,.385,.425,.306,.437,.819,.481,.222,.342,,83,80,87,82,106,85,89,86,,-61.6,-60.8,bostobr01
61,Chris Boucher,SF,29,TOR,80,1690,,.464,.575,.297,.523,.777,.570,.334,.397,,101,108,84,98,100,101,135,99,,-9.6,4.7,bouchch01
62,James Bouknight,SG,21,CHO,31,304,,.348,.348,.347,.408,.871,.459,.220,.348,,75,65,98,77,112,81,89,87,,-34.9,-33.1,bouknja01
63,Avery Bradley,SG,31,LAL,62,1406,,.423,.471,.390,.540,.889,.550,.051,.600,,92,89,110,102,115,97,21,150,,5.8,-11.2,bradlav01
64,Tony Bradley,C,24,CHI,55,549,,.585,.585,,.585,.655,.600,.236,.000,,127,110,,110,85,106,95,,,13.2,9.3,bradlto01
65,Ignas Brazdeikis,SF,23,ORL,42,536,,.431,.535,.310,.503,.656,.520,.170,.463,,93,100,88,95,85,92,69,116,,-10.9,-18.8,brazdig01
66,Mikal Bridges,SF,25,PHO,82,2854,,.534,.628,.369,.601,.834,.627,.183,.364,,116,118,104,113,108,111,74,91,,118.6,112.6,bridgmi01
67,Miles Bridges,PF,23,CHO,80,2837,,.491,.590,.331,.554,.802,.593,.274,.383,,106,111,94,104,104,105,111,96,,55.1,72.9,bridgmi02
68,Oshae Brissett,SF,23,IND,67,1564,,.411,.465,.350,.493,.695,.530,.324,.468,,89,87,99,93,90,94,131,117,,-39.1,-41.5,brissos01
69,Malcolm Brogdon,PG,29,IND,36,1206,,.448,.518,.312,.501,.856,.557,.308,.343,,97,97,88,94,111,98,124,86,,-33.4,-10.9,brogdma01
70,Armoni Brooks,PG-SG,23,TOT,54,844,,.339,.600,.297,.467,.857,.483,.073,.862,,74,113,84,88,111,85,29,216,,-37.3,-49.6,brookar01
71,Dillon Brooks,SF,26,MEM,32,885,,.432,.480,.309,.475,.849,.515,.202,.283,,94,90,87,89,110,91,81,71,,-59.3,-58.2,brookdi01
72,Bruce Brown,SF,25,BRK,72,1774,,.506,.529,.404,.543,.758,.575,.253,.186,,110,99,114,102,98,102,102,47,,11.9,10.5,brownbr01
73,Charlie Brown Jr.,SG,24,TOT,22,177,,.256,.333,.083,.269,.900,.346,.256,.308,,56,63,24,51,116,61,103,77,,-20.5,-19.1,brownch02
74,Chaundee Brown Jr.,SF-SG,23,TOT,5,104,,.312,.286,.333,.406,.833,.447,.188,.562,,68,54,94,76,108,79,76,141,,-8.0,-8.2,brownch05
75,Greg Brown III,SF,20,POR,48,640,,.426,.481,.311,.476,.677,.515,.342,.321,,92,90,88,90,87,91,138,80,,-21.0,-22.5,browngr01
76,Jaylen Brown,SF,25,BOS,66,2220,,.473,.544,.358,.541,.758,.574,.261,.381,,103,102,101,102,98,101,105,95,,23.9,23.0,brownja02
77,Moses Brown,C,22,TOT,40,345,,.593,.593,,.593,.597,.612,.667,.000,,129,111,,111,77,108,269,,,13.2,12.9,brownmo01
78,Sterling Brown,SG,26,DAL,49,628,,.381,.492,.304,.471,.933,.495,.097,.594,,83,92,86,89,120,87,39,149,,-18.8,-22.9,brownst02
79,Troy Brown Jr.,SF,22,CHI,66,1055,,.419,.488,.353,.510,.769,.525,.101,.516,,91,92,100,96,99,93,41,129,,-11.4,-22.0,browntr01
80,Jalen Brunson,SG,25,DAL,79,2524,,.502,.545,.373,.549,.840,.583,.211,.250,,109,102,105,103,108,103,85,63,,34.1,37.9,brunsja01
81,Thomas Bryant,C,24,WAS,27,439,,.520,.613,.286,.561,.875,.607,.270,.284,,113,115,81,105,113,107,109,71,,8.6,13.5,bryanth01
82,Shaq Buchanan,SG,25,MEM,2,10,,.250,.500,.000,.250,,.250,.000,.500,,54,94,,47,,44,,125,,-2.3,-2.5,buchash01
83,Reggie Bullock,SF,30,DAL,68,1902,,.401,.550,.360,.542,.833,.558,.096,.782,,87,103,102,102,108,99,39,196,,10.2,-8.0,bullore01
84,Trey Burke,PG,29,DAL,42,441,,.391,.436,.317,.451,.870,.475,.107,.381,,85,82,90,85,112,84,43,96,,-34.6,-40.8,burketr01
85,Alec Burks,SG,30,NYK,81,2318,,.391,.378,.404,.499,.822,.559,.363,.534,,85,71,114,94,106,99,146,134,,-47.1,-11.6,burksal01
86,Jared Butler,SG,21,UTA,42,360,,.404,.524,.318,.497,.688,.509,.106,.583,,88,98,90,93,89,90,43,146,,-10.6,-17.9,butleja02
87,Jimmy Butler,SF,32,MIA,57,1931,,.480,.520,.233,.496,.870,.592,.549,.140,,104,98,66,93,112,105,221,35,,-58.5,54.0,butleji01
88,Devontae Cacok,PF,25,SAS,15,121,,.677,.677,,.677,.571,.675,.226,.000,,147,127,,127,74,119,91,,,9.0,7.4,cacokde01
89,Kentavious Caldwell-Pope,SG,28,WAS,77,2329,,.435,.480,.390,.531,.890,.568,.186,.492,,94,90,110,100,115,100,75,123,,-0.5,2.9,caldwke01
90,Facundo Campazzo,PG,30,DEN,65,1184,,.361,.476,.301,.459,.769,.503,.264,.652,,78,89,85,86,99,89,106,163,,-42.8,-41.9,campafa01
91,Vlatko Čančar,PF,24,DEN,15,176,,.561,.552,.583,.646,.643,.657,.341,.293,,122,104,165,122,83,116,138,73,,9.4,8.6,cancavl01
92,Devin Cannady,PG,25,ORL,5,145,,.341,.000,.405,.511,.714,.531,.159,.841,,74,,115,96,92,94,64,211,,-1.8,-3.3,cannade01
93,Clint Capela,C,27,ATL,74,2042,,.613,.614,.000,.613,.473,.604,.280,.002,,133,115,,115,61,107,113,,,97.7,52.1,capelca01
94,Vernon Carey Jr.,C,20,TOT,7,44,,.538,.538,,.538,.462,.534,1.000,.000,,117,101,,101,60,94,403,,,.2,-1.2,careyve01
95,Jevon Carter,PG,26,TOT,66,905,,.387,.386,.388,.518,.833,.531,.071,.672,,84,72,110,97,108,94,29,168,,-7.0,-18.4,carteje01
96,Wendell Carter Jr.,PF,22,ORL,62,1852,,.525,.615,.327,.576,.691,.601,.303,.313,,114,115,93,108,89,106,122,78,,60.6,53.6,cartewe01
97,Alex Caruso,SG,27,CHI,41,1147,,.398,.462,.333,.480,.795,.528,.285,.492,,86,87,94,90,103,93,115,123,,-26.2,-22.1,carusal01
98,Willie Cauley-Stein,C,28,TOT,20,183,,.457,.455,.500,.471,.500,.474,.057,.057,,99,85,141,89,65,84,23,14,,-4.2,-6.6,caulewi01
99,Ahmad Caver,SG,25,IND,1,1,,1.000,1.000,,1.000,,1.000,.000,.000,,217,188,,188,,177,,,,.9,.9,caverah01
100,Justin Champagnie,SF,20,TOR,36,281,,.463,.538,.357,.537,1.000,.571,.134,.418,,100,101,101,101,129,101,54,105,,.8,.7,champju01
101,Zylan Cheatham,SF,26,UTA,1,5,,.000,.000,.000,.000,,.000,.000,.667,,,,,,,,,167,,-3.2,-3.4,cheatzy01
102,Chris Chiozza,PG,26,GSW,34,372,,.296,.250,.321,.401,.667,.407,.037,.654,,64,47,91,75,86,72,15,164,,-21.1,-26.2,chiozch01
103,Josh Christopher,SG,20,HOU,74,1334,,.448,.540,.296,.504,.735,.534,.226,.378,,97,101,84,95,95,94,91,95,,-27.7,-35.3,chrisjo01
104,Marquese Chriss,PF,24,DAL,34,346,,.463,.495,.320,.493,.667,.518,.246,.187,,100,93,91,93,86,92,99,47,,-10.5,-14.1,chrisma01
105,Brandon Clarke,PF,25,MEM,64,1246,,.644,.666,.227,.650,.654,.660,.291,.049,,140,125,64,122,84,117,117,12,,105.7,95.2,clarkbr01
106,Gary Clark,PF,27,NOP,38,378,,.375,.278,.400,.534,.700,.547,.114,.795,,81,52,113,100,90,97,46,199,,.4,-3.6,clarkga01
107,Jordan Clarkson,SG,29,UTA,79,2141,,.419,.535,.318,.504,.828,.532,.156,.536,,91,100,90,95,107,94,63,134,,-61.5,-80.6,clarkjo01
108,Nic Claxton,C,22,BRK,47,974,,.674,.674,,.674,.581,.672,.352,.000,,146,127,,127,75,119,142,,,75.3,64.8,claxtni01
109,Amir Coffey,SG,24,LAC,69,1567,,.453,.542,.378,.556,.863,.598,.251,.545,,98,102,107,105,111,106,101,137,,22.5,33.2,coffeam01
110,Darren Collison,PG,34,LAL,3,37,,.286,.500,.000,.286,,.286,.000,.429,,62,94,,54,,50,,107,,-3.4,-3.9,collida01
111,John Collins,PF,24,ATL,54,1663,,.526,.588,.364,.576,.793,.610,.262,.273,,114,110,103,108,102,108,106,68,,57.2,62.8,collijo01
112,Zach Collins,C,24,SAS,28,502,,.490,.544,.341,.535,.800,.594,.419,.265,,106,102,97,101,103,105,169,66,,1.2,10.2,colliza01
113,Mike Conley,PG,34,UTA,72,2058,,.435,.464,.408,.542,.796,.572,.205,.523,,94,87,115,102,103,101,83,131,,15.9,9.9,conlemi01
114,Pat Connaughton,SF,29,MIL,65,1691,,.458,.643,.395,.605,.833,.620,.109,.746,,99,121,112,114,108,110,44,187,,72.6,56.6,connapa01
115,Tyler Cook,PF,24,CHI,20,200,,.605,.605,,.605,.656,.643,.842,.000,,131,114,,114,85,114,339,,,5.6,8.0,cookty01
116,Sharife Cooper,PG,20,ATL,13,39,,.214,.250,.167,.250,,.250,.000,.429,,46,47,47,47,,44,,107,,-7.9,-8.8,coopesh01
117,Petr Cornelie,PF,26,DEN,13,38,,.333,.571,.125,.367,.750,.418,.267,.533,,72,107,35,69,97,74,107,134,,-5.0,-5.0,cornepe01
118,DeMarcus Cousins,C,31,TOT,48,718,,.460,.554,.303,.517,.760,.567,.386,.377,,100,104,86,97,98,100,155,94,,-9.5,1.0,couside01
119,Robert Covington,PF,31,TOT,71,1940,,.420,.509,.378,.548,.841,.572,.139,.681,,91,96,107,103,109,101,56,170,,16.4,5.9,covinro01
120,Torrey Craig,SF,31,TOT,78,1596,,.454,.594,.329,.541,.750,.556,.118,.531,,98,112,93,102,97,98,48,133,,8.0,-9.1,craigto01
121,Jae Crowder,PF,31,PHO,67,1886,,.399,.503,.348,.516,.789,.541,.165,.671,,87,94,98,97,102,96,67,168,,-17.5,-28.6,crowdja01
122,Jarrett Culver,SG,22,MEM,37,338,,.378,.443,.255,.422,.471,.433,.252,.348,,82,83,72,79,61,77,101,87,,-29.6,-39.8,culveja01
123,Jarron Cumberland,SG,24,POR,3,12,,.500,1.000,.000,.500,,.500,.000,.500,,108,188,,94,,88,,125,,-0.1,-0.3,cumbeja01
124,Cade Cunningham,SG,20,DET,64,2088,,.416,.472,.314,.471,.845,.504,.163,.352,,90,89,89,89,109,89,66,88,,-124.3,-136.8,cunnica01
125,Seth Curry,SG,31,TOT,64,2135,,.487,.553,.422,.594,.872,.615,.127,.506,,106,104,119,112,113,109,51,127,,92.2,76.6,curryse01
126,Stephen Curry,PG,33,GSW,64,2211,,.437,.527,.380,.554,.923,.601,.243,.613,,95,99,107,104,119,106,98,153,,53.4,96.0,curryst01
127,Anthony Davis,C,28,LAL,40,1404,,.532,.571,.186,.542,.713,.578,.351,.101,,115,107,53,102,92,102,141,25,,14.0,18.7,davisan02
128,Ed Davis,C,32,CLE,31,201,,.688,.688,,.688,.429,.632,.875,.000,,149,129,,129,55,112,353,,,5.0,2.9,davised01
129,Terence Davis,SG,24,SAC,30,536,,.423,.542,.329,.515,.818,.543,.165,.558,,92,102,93,97,106,96,66,140,,-8.9,-13.2,daviste02
130,Gabriel Deck,PF,26,OKC,7,56,,.571,.600,.500,.643,,.643,.000,.286,,124,113,141,121,,114,,72,,3.1,2.2,deckga01
131,Dewayne Dedmon,C,32,MIA,67,1065,,.566,.597,.404,.598,.750,.632,.345,.162,,123,112,114,113,97,112,139,41,,38.6,43.9,dedmode01
132,Sam Dekker,PF,27,TOR,1,1,,,,,,,,,,,,,,,,,,,,.0,.0,dekkesa01
133,Javin DeLaurier,C,23,MIL,1,3,,,,,,,,,,,,,,,,,,,,.0,.0,delauja01
134,DeMar DeRozan,PF,32,CHI,76,2743,,.504,.520,.352,.521,.877,.590,.386,.093,,109,98,100,98,113,104,156,23,,-34.3,85.0,derozde01
135,Mamadi Diakite,PF,25,OKC,13,188,,.532,.595,.000,.532,.545,.540,.234,.106,,115,112,,100,70,95,94,27,,.0,-2.7,diakima01
136,Cheick Diallo,C,25,DET,3,31,,.375,.375,,.375,.833,.517,.750,.000,,81,70,,71,108,91,302,,,-2.5,-1.0,diallch01
137,Hamidou Diallo,SG,23,DET,58,1269,,.496,.550,.247,.518,.650,.541,.266,.177,,108,103,70,97,84,96,107,44,,-14.3,-29.2,diallha01
138,Gorgui Dieng,C,32,ATL,44,371,,.473,.545,.426,.603,.731,.624,.232,.607,,103,102,121,113,94,110,94,152,,15.9,14.3,dienggo01
139,Spencer Dinwiddie,PG-SG,28,TOT,67,1980,,.416,.479,.339,.493,.774,.543,.343,.449,,90,90,96,93,100,96,138,112,,-57.6,-38.5,dinwisp01
140,Donte DiVincenzo,SG,25,TOT,42,1006,,.351,.373,.339,.461,.843,.510,.247,.649,,76,70,96,87,109,90,100,162,,-47.3,-41.7,divindo01
141,Luka Dončić,PG,22,DAL,65,2301,,.457,.528,.353,.529,.744,.571,.349,.406,,99,99,100,99,96,101,140,102,,-8.9,15.3,doncilu01
142,Luguentz Dort,SG,22,OKC,51,1665,,.404,.487,.332,.493,.843,.541,.263,.539,,88,91,94,93,109,96,106,135,,-56.0,-40.0,dortlu01
143,Ayo Dosunmu,SG,22,CHI,77,2110,,.520,.596,.376,.585,.679,.596,.146,.348,,113,112,106,110,88,105,59,87,,57.1,34.5,dosunay01
144,Damyean Dotson,SG,27,NYK,2,21,,.500,.667,.000,.500,,.500,.000,.250,,108,125,,94,,88,,63,,-0.3,-0.5,dotsoda01
145,Devon Dotson,PG,22,CHI,11,85,,.478,.643,.222,.522,.556,.538,.391,.391,,104,121,63,98,72,95,158,98,,-0.5,-1.5,dotsode01
146,Sekou Doumbouya,PF,21,LAL,2,16,,.625,.667,.500,.688,.750,.717,.500,.250,,136,125,141,129,97,127,201,63,,2.5,3.0,doumbse01
147,Jeff Dowtin,PG,24,TOT,9,108,,.308,.412,.111,.327,1.000,.353,.077,.346,,67,77,31,61,129,62,31,87,,-10.6,-11.4,dowtije01
148,PJ Dozier,SG,25,DEN,18,340,,.364,.412,.312,.439,.769,.463,.131,.485,,79,77,88,83,99,82,53,121,,-18.3,-21.5,doziepj01
149,Goran Dragić,PG,35,TOT,21,498,,.377,.466,.254,.430,.818,.474,.219,.417,,82,87,72,81,106,84,88,104,,-30.6,-30.4,dragigo01
150,Andre Drummond,C,28,TOT,73,1437,,.570,.574,.000,.570,.524,.574,.379,.007,,124,108,,107,68,101,153,2,,33.6,8.2,drumman01
151,Chris Duarte,SG,24,IND,55,1541,,.432,.475,.369,.507,.804,.537,.180,.411,,94,89,104,95,104,95,73,103,,-30.4,-38.8,duartch01
152,David Duke Jr.,PG,22,BRK,22,341,,.361,.423,.243,.403,.810,.444,.194,.343,,78,79,69,76,105,78,78,86,,-27.8,-28.7,dukeda01
153,Kris Dunn,PG,27,POR,14,336,,.431,.473,.091,.436,.944,.482,.176,.108,,94,89,26,82,122,85,71,27,,-19.5,-18.4,dunnkr01
154,Kevin Durant,PF,33,BRK,55,2047,,.518,.568,.383,.570,.910,.634,.367,.269,,112,107,108,107,117,112,148,67,,85.3,177.1,duranke01
155,Jaime Echenique,C,24,WAS,1,3,,,,,,,,,,,,,,,,,,,,.0,.0,echenja01
156,Anthony Edwards,SG,20,MIN,72,2466,,.441,.519,.357,.527,.786,.560,.225,.484,,96,98,101,99,101,99,91,121,,-10.9,-15.8,edwaran01
157,Carsen Edwards,SG,23,DET,4,79,,.300,.357,.250,.367,1.000,.378,.033,.533,,65,67,71,69,129,67,13,134,,-9.9,-11.5,edwarca01
158,Kessler Edwards,SF,21,BRK,48,987,,.412,.473,.353,.502,.842,.516,.071,.509,,89,89,100,94,109,91,29,128,,-15.9,-27.7,edwarke02
159,Rob Edwards,SG,25,OKC,2,11,,.250,,.250,.375,,.375,.000,1.000,,54,,71,71,,66,,250,,-1.3,-1.5,edwarro01
160,CJ Elleby,SF,21,POR,58,1174,,.393,.462,.294,.453,.714,.491,.273,.409,,85,87,83,85,92,87,110,102,,-48.5,-51.5,ellebcj01
161,Wayne Ellington,SG,34,LAL,43,810,,.414,.615,.389,.586,.818,.593,.046,.890,,90,116,110,110,106,105,19,223,,26.0,13.2,ellinwa01
162,Joel Embiid,C,27,PHI,68,2297,,.499,.529,.371,.534,.814,.616,.602,.188,,108,99,105,100,105,109,243,47,,6.5,169.0,embiijo01
163,James Ennis III,SF,31,TOT,7,56,,.458,.500,.375,.521,.800,.553,.208,.333,,99,94,106,98,103,98,84,83,,-0.5,-0.7,ennisja01
164,Drew Eubanks,C,24,TOT,71,1245,,.596,.621,.217,.602,.762,.638,.350,.062,,129,117,61,113,98,113,141,16,,52.5,61.3,eubandr01
165,Tacko Fall,C,26,CLE,11,59,,.417,.417,,.417,.286,.398,.583,.000,,90,78,,78,37,70,235,,,-2.8,-5.1,fallta01
166,Derrick Favors,C,30,OKC,39,653,,.516,.554,.125,.522,.640,.534,.137,.088,,112,104,35,98,83,94,55,22,,-3.5,-12.5,favorde01
167,Bruno Fernando,C,23,TOT,30,152,,.655,.660,.500,.664,.625,.671,.436,.036,,142,124,141,125,81,119,176,9,,14.5,13.8,fernabr01
168,Dorian Finney-Smith,PF,28,DAL,80,2644,,.471,.599,.395,.595,.675,.604,.120,.629,,102,113,112,112,87,107,48,157,,88.1,55.3,finnedo01
169,Malik Fitts,PF,24,TOT,15,63,,.421,.333,.500,.553,,.553,.000,.526,,91,63,141,104,,98,,132,,.8,-0.5,fittsma01
170,Malachi Flynn,PG,23,TOR,44,537,,.393,.452,.333,.475,.625,.488,.131,.492,,85,85,94,89,81,86,53,123,,-20.6,-30.1,flynnma01
171,Bryn Forbes,SG,28,TOT,75,1286,,.429,.447,.414,.542,.908,.574,.161,.547,,93,84,117,102,117,101,65,137,,10.8,9.5,forbebr01
172,Aleem Ford,SF,24,ORL,5,74,,.300,.800,.133,.350,,.350,.000,.750,,65,150,38,66,,62,,188,,-7.3,-8.6,fordal03
173,Trent Forrest,PG,23,UTA,60,765,,.490,.555,.185,.506,.792,.554,.310,.174,,106,104,52,95,102,98,125,44,,-7.8,-4.4,forretr01
174,Evan Fournier,SG,29,NYK,80,2358,,.417,.465,.389,.541,.708,.554,.117,.641,,90,87,110,102,91,98,47,161,,18.8,-23.7,fournev01
175,De'Aaron Fox,PG,24,SAC,59,2083,,.473,.524,.297,.506,.750,.549,.319,.228,,102,98,84,95,97,97,128,57,,-55.2,-42.5,foxde01
176,Melvin Frazier,SG,25,OKC,3,120,,.271,.444,.048,.281,.714,.313,.146,.438,,59,83,13,53,92,55,59,110,,-24.0,-25.8,frazime01
177,Tim Frazier,PG,31,TOT,12,208,,.311,.286,.353,.378,.556,.398,.200,.378,,67,54,100,71,72,70,81,95,,-13.9,-16.4,fraziti01
178,Markelle Fultz,PG,23,ORL,18,360,,.474,.500,.235,.486,.806,.517,.177,.097,,103,94,67,91,104,91,71,24,,-16.1,-18.5,fultzma01
179,Wenyen Gabriel,PF,24,TOT,26,358,,.491,.561,.286,.527,.595,.549,.382,.255,,106,105,81,99,77,97,154,64,,-1.0,-4.4,gabriwe01
180,Daniel Gafford,C,23,WAS,72,1444,,.693,.695,.000,.693,.699,.708,.372,.002,,150,131,,130,90,125,150,1,,133.0,135.5,gaffoda01
181,Danilo Gallinari,PF,33,ATL,66,1672,,.434,.485,.381,.528,.904,.579,.261,.492,,94,91,108,99,117,102,105,123,,-4.8,17.5,gallida01
182,Langston Galloway,SG,30,TOT,7,107,,.231,.400,.125,.269,,.269,.000,.615,,50,75,35,51,,48,,154,,-13.6,-15.4,gallola01
183,Darius Garland,PG,22,CLE,68,2430,,.462,.512,.383,.536,.892,.576,.205,.387,,100,96,108,101,115,102,83,97,,10.7,25.1,garlada01
184,Marcus Garrett,SG,23,MIA,12,128,,.238,.235,.250,.262,.400,.280,.238,.190,,52,44,71,49,52,50,96,48,,-11.3,-13.3,garrema01
185,Usman Garuba,PF,19,HOU,24,239,,.432,.583,.250,.489,.714,.510,.159,.455,,94,110,71,92,92,90,64,114,,-3.8,-5.3,garubus01
186,Luka Garza,C,23,DET,32,389,,.449,.510,.327,.503,.623,.535,.415,.333,,97,96,92,95,80,95,167,83,,-8.3,-10.8,garzalu01
187,Rudy Gay,PF,35,UTA,55,1038,,.414,.494,.345,.507,.785,.539,.208,.536,,90,93,98,95,101,95,84,134,,-19.0,-22.4,gayru01
188,Paul George,PF,31,LAC,31,1077,,.421,.467,.354,.493,.858,.538,.233,.404,,91,88,100,93,111,95,94,101,,-49.3,-39.7,georgpa01
189,Taj Gibson,C,36,NYK,52,946,,.518,.555,.395,.563,.808,.606,.313,.229,,112,104,112,106,104,107,126,57,,10.5,15.2,gibsota01
190,Josh Giddey,SF,19,OKC,54,1700,,.419,.492,.263,.461,.709,.478,.118,.318,,91,92,74,87,92,84,48,80,,-94.5,-123.8,giddejo01
191,Shai Gilgeous-Alexander,PG,23,OKC,56,1942,,.453,.514,.300,.496,.810,.557,.385,.282,,98,96,85,93,105,98,155,71,,-75.7,-21.6,gilgesh01
192,Anthony Gill,PF,29,WAS,44,463,,.569,.578,.538,.633,.808,.682,.477,.239,,123,109,152,119,104,121,192,60,,22.1,30.7,gillan01
193,Freddie Gillespie,PF,24,ORL,9,119,,.409,.429,.000,.409,.429,.419,.318,.045,,89,80,,77,55,74,128,11,,-5.4,-7.4,gillefr01
194,Rudy Gobert,C,29,UTA,66,2120,,.713,.718,.000,.713,.690,.732,.864,.008,,155,135,,134,89,129,348,2,,183.8,233.3,goberru01
195,Brandon Goodwin,PG,26,CLE,36,502,,.416,.455,.345,.477,.632,.501,.247,.357,,90,85,98,90,82,88,99,89,,-16.8,-22.3,goodwbr01
196,Jordan Goodwin,SG,23,WAS,2,6,,.000,.000,.000,.000,,.000,.000,.333,,,,,,,,,83,,-3.2,-3.4,goodwjo01
197,Aaron Gordon,PF,26,DEN,75,2376,,.520,.605,.335,.573,.743,.602,.276,.312,,113,114,95,108,96,106,111,78,,68.1,67.4,gordoaa01
198,Eric Gordon,SG,33,HOU,57,1669,,.475,.548,.412,.585,.778,.614,.239,.534,,103,103,117,110,100,108,96,134,,60.3,59.3,gordoer01
199,Devonte' Graham,PG,26,NOP,76,2162,,.363,.413,.341,.481,.843,.514,.172,.691,,79,77,96,90,109,91,69,173,,-82.7,-90.3,grahade01
200,Jerami Grant,PF,27,DET,47,1500,,.426,.465,.358,.491,.838,.556,.371,.363,,92,87,101,92,108,98,149,91,,-56.3,-16.3,grantje01
201,Hassani Gravett,PG,25,ORL,8,171,,.474,.583,.423,.618,.750,.629,.105,.684,,103,110,120,116,97,111,42,171,,6.6,5.0,graveha01
202,Danny Green,SF,34,PHI,62,1353,,.394,.469,.380,.555,.786,.561,.044,.847,,85,88,107,104,101,99,18,212,,14.7,-3.2,greenda02
203,Draymond Green,PF,31,GSW,46,1329,,.525,.586,.296,.556,.659,.582,.354,.210,,114,110,84,105,85,103,143,53,,12.7,9.8,greendr01
204,JaMychal Green,PF,31,DEN,67,1085,,.486,.621,.266,.537,.871,.587,.284,.379,,105,117,75,101,112,104,115,95,,3.3,15.5,greenja01
205,Javonte Green,SF,28,CHI,65,1519,,.542,.625,.356,.597,.833,.637,.295,.311,,117,117,101,112,108,113,119,78,,42.4,52.3,greenja02
206,Jalen Green,SG,19,HOU,67,2138,,.426,.502,.343,.508,.797,.547,.247,.480,,92,94,97,96,103,97,100,120,,-45.5,-40.5,greenja05
207,Jeff Green,PF,35,DEN,75,1849,,.524,.620,.315,.574,.833,.627,.374,.318,,114,117,89,108,108,111,151,80,,44.5,74.6,greenje02
208,Josh Green,SG,21,DAL,67,1039,,.508,.573,.359,.562,.689,.578,.176,.305,,110,108,102,106,89,102,71,76,,15.8,6.8,greenjo02
209,Blake Griffin,C,32,BRK,56,958,,.425,.565,.262,.486,.724,.518,.243,.463,,92,106,74,91,93,92,98,116,,-28.8,-33.2,griffbl01
210,Quentin Grimes,SG,21,NYK,46,786,,.404,.500,.381,.557,.684,.565,.081,.804,,88,94,108,105,88,100,33,201,,12.1,-0.5,grimequ01
211,Kyle Guy,SG,24,MIA,19,186,,.400,.480,.350,.508,.667,.526,.185,.615,,87,90,99,95,86,93,74,154,,-3.1,-5.6,guyky01
212,Rui Hachimura,PF,23,WAS,42,943,,.491,.512,.447,.563,.697,.579,.173,.323,,106,96,126,106,90,102,70,81,,23.9,10.8,hachiru01
213,Tyrese Haliburton,SG-PG,21,TOT,77,2695,,.473,.517,.414,.562,.842,.595,.209,.428,,103,97,117,106,109,105,84,107,,54.4,57.4,halibty01
214,Tyler Hall,SG,24,NYK,1,2,,,,,,,,,,,,,,,,,,,,.0,.0,hallty01
215,R.J. Hampton,SG,20,ORL,64,1402,,.383,.405,.350,.453,.641,.481,.256,.400,,83,76,99,85,83,85,103,100,,-72.0,-86.6,hamptrj01
216,Tim Hardaway Jr.,SG,29,DAL,42,1245,,.394,.473,.336,.491,.757,.520,.194,.574,,86,89,95,92,98,92,78,144,,-43.6,-53.3,hardati02
217,James Harden,PG,32,TOT,65,2419,,.410,.476,.330,.485,.877,.583,.540,.452,,89,89,93,91,113,103,218,113,,-92.9,42.1,hardeja01
218,Maurice Harkless,SF,28,SAC,47,863,,.459,.650,.307,.544,.714,.561,.155,.558,,99,122,87,102,92,99,62,140,,4.5,-1.8,harklma01
219,Jared Harper,PG,24,NOP,5,43,,.538,.643,.417,.635,1.000,.666,.154,.462,,117,121,118,119,129,118,62,116,,5.4,5.6,harpeja01
220,Montrezl Harrell,C,28,TOT,71,1641,,.645,.658,.235,.649,.716,.680,.533,.031,,140,124,67,122,92,120,215,8,,129.8,156.3,harremo01
221,Gary Harris,SG,27,ORL,61,1730,,.434,.494,.384,.539,.874,.571,.172,.546,,94,93,109,101,113,101,69,137,,8.0,5.7,harriga01
222,Joe Harris,SF,30,BRK,14,423,,.452,.417,.466,.617,.833,.624,.048,.710,,98,78,132,116,108,110,19,178,,21.1,14.6,harrijo01
223,Shaquille Harrison,SG,28,BRK,2,23,,.333,.500,.000,.333,,.333,.000,.333,,72,94,,63,,59,,83,,-2.4,-2.8,harrish01
224,Tobias Harris,PF,29,PHI,73,2543,,.482,.525,.367,.532,.842,.566,.198,.269,,105,99,104,100,109,100,80,67,,.2,-0.5,harrito02
225,Isaiah Hartenstein,C,23,LAC,68,1216,,.626,.640,.467,.645,.689,.664,.361,.082,,136,120,132,121,89,117,145,21,,82.8,82.9,harteis01
226,Josh Hart,SG,26,TOT,54,1791,,.504,.601,.343,.569,.758,.610,.371,.374,,109,113,97,107,98,108,149,94,,41.9,57.8,hartjo01
227,Udonis Haslem,C,41,MIA,13,83,,.452,.481,.250,.468,1.000,.495,.097,.129,,98,90,71,88,129,87,39,32,,-4.0,-4.6,hasleud01
228,Sam Hauser,SF,24,BOS,26,158,,.460,.667,.432,.650,,.650,.000,.880,,100,125,122,122,,115,,220,,11.8,8.4,hausesa01
229,Jaxson Hayes,C,21,NOP,70,1398,,.616,.660,.351,.641,.766,.680,.472,.143,,134,124,99,121,99,120,190,36,,86.8,109.8,hayesja02
230,Killian Hayes,PG,20,DET,66,1647,,.383,.452,.263,.431,.770,.461,.161,.364,,83,85,75,81,99,81,65,91,,-92.1,-103.4,hayeski01
231,Gordon Hayward,SF,31,CHO,49,1564,,.459,.496,.391,.528,.846,.570,.241,.357,,99,93,111,99,109,101,97,89,,-4.1,5.3,haywago01
232,Aaron Henry,SF,22,PHI,6,17,,.200,.250,.000,.200,,.200,.000,.200,,43,47,,38,,35,,50,,-3.3,-3.7,henryaa01
233,Juancho Hernangómez,PF,26,TOT,40,445,,.415,.541,.348,.528,.559,.542,.321,.651,,90,101,98,99,72,96,129,163,,-0.7,-5.9,hernaju01
234,Willy Hernangómez,C,27,NOP,50,839,,.520,.527,.333,.526,.773,.582,.431,.037,,113,99,94,99,100,103,174,9,,-3.7,12.6,hernawi01
235,Tyler Herro,SG,22,MIA,66,2151,,.447,.477,.399,.525,.868,.561,.195,.391,,97,90,113,99,112,99,79,98,,-16.1,-12.2,herroty01
236,Buddy Hield,SG,29,TOT,81,2499,,.406,.482,.366,.526,.874,.548,.116,.652,,88,90,103,99,113,97,47,163,,-13.6,-41.2,hieldbu01
237,Haywood Highsmith,SF,25,MIA,19,163,,.348,.389,.321,.446,.400,.446,.109,.609,,75,73,91,84,52,79,44,152,,-7.9,-11.6,highsha01
238,George Hill,PG,35,MIL,54,1253,,.429,.546,.306,.504,.919,.552,.225,.487,,93,103,87,95,119,98,91,122,,-15.4,-8.2,hillge01
239,Malcolm Hill,SF-SG,26,TOT,19,212,,.462,.688,.361,.587,.786,.619,.269,.692,,100,129,102,110,101,109,108,173,,5.7,6.2,hillma01
240,Solomon Hill,SF,30,ATL,13,139,,.150,.143,.154,.200,,.200,.000,.650,,33,27,44,38,,35,,163,,-13.3,-14.6,hillso01
241,Nate Hinton,SG,22,IND,2,2,,.000,.000,,.000,,.000,.000,.000,,,,,,,,,,,-1.1,-1.1,hintona01
242,Jaylen Hoard,SF,22,OKC,7,240,,.489,.538,.360,.539,.429,.536,.156,.278,,106,101,102,101,55,95,63,70,,1.3,-5.9,hoardja01
243,Aaron Holiday,PG,25,TOT,63,1021,,.447,.477,.379,.504,.868,.544,.201,.305,,97,89,107,95,112,96,81,76,,-18.4,-16.5,holidaa01
244,Jrue Holiday,PG,31,MIL,67,2207,,.501,.547,.411,.570,.761,.593,.189,.336,,109,103,116,107,98,105,76,84,,73.5,55.4,holidjr01
245,Justin Holiday,SF-SG,32,TOT,74,2057,,.394,.467,.367,.528,.806,.543,.094,.728,,86,88,104,99,104,96,38,182,,-5.0,-31.3,holidju01
246,Richaun Holmes,C,28,SAC,45,1074,,.660,.664,.400,.663,.778,.689,.300,.017,,143,125,113,125,100,122,121,4,,79.0,83.6,holmeri01
247,Rodney Hood,PF-SF,29,TOT,52,709,,.369,.424,.330,.465,.895,.493,.121,.580,,80,80,93,87,116,87,49,145,,-21.0,-24.2,hoodro01
248,Scotty Hopson,SG,32,OKC,1,18,,.500,.667,.000,.500,,.500,.000,.250,,108,125,,94,,88,,63,,-0.3,-0.5,hopsosc01
249,Al Horford,C,35,BOS,69,2005,,.467,.582,.336,.546,.842,.574,.167,.466,,101,109,95,103,109,101,67,117,,15.9,9.6,horfoal01
250,Talen Horton-Tucker,SG,21,LAL,60,1511,,.416,.492,.269,.462,.800,.503,.232,.338,,90,92,76,87,103,89,94,85,,-75.1,-74.3,hortota01
251,Danuel House Jr.,SF,28,TOT,42,727,,.404,.444,.376,.515,.759,.555,.293,.591,,88,83,106,97,98,98,118,148,,-6.5,-5.0,houseda01
252,Dwight Howard,C,36,LAL,60,971,,.612,.618,.533,.630,.658,.657,.667,.068,,133,116,151,119,85,116,269,17,,43.1,51.4,howardw01
253,Markus Howard,SG,22,DEN,31,176,,.386,.355,.400,.525,.870,.567,.228,.693,,84,67,113,99,112,100,92,174,,-1.4,.2,howarma02
254,Kevin Huerter,SF,23,ATL,74,2188,,.454,.530,.389,.559,.808,.570,.068,.541,,98,100,110,105,104,101,28,135,,41.8,5.8,huertke01
255,Jay Huff,C,23,LAL,4,20,,.000,.000,.000,.000,,.000,.000,.667,,,,,,,,,167,,-3.2,-3.4,huffja01
256,Elijah Hughes,SF-SG,23,TOT,36,434,,.326,.449,.263,.413,.778,.426,.062,.660,,71,84,74,78,100,75,25,165,,-34.1,-41.5,hugheel01
257,De'Andre Hunter,SF,24,ATL,53,1577,,.442,.474,.379,.506,.765,.547,.289,.339,,96,89,107,95,99,97,116,85,,-29.4,-24.6,huntede01
258,Feron Hunt,SF,22,NYK,2,8,,.000,.000,,.000,,.000,.000,.000,,,,,,,,,,,-2.1,-2.3,huntfe01
259,Chandler Hutchison,SF,25,PHO,6,22,,.500,.500,,.500,1.000,.694,1.000,.000,,108,94,,94,129,123,403,,,-0.1,.7,hutchch01
260,Bones Hyland,SG,21,DEN,69,1310,,.403,.465,.366,.518,.856,.558,.219,.627,,87,87,103,97,111,99,88,157,,-16.2,-10.6,hylanbo01
261,Serge Ibaka,C,32,TOT,54,877,,.500,.563,.374,.562,.727,.579,.149,.334,,108,106,106,106,94,102,60,84,,18.2,8.0,ibakase01
262,Andre Iguodala,SF,38,GSW,31,603,,.380,.617,.230,.450,.750,.478,.165,.612,,82,116,65,85,97,84,67,153,,-19.7,-22.9,iguodan01
263,Joe Ingles,SF,34,UTA,45,1122,,.404,.617,.347,.540,.773,.551,.077,.789,,88,116,98,102,100,97,31,198,,4.9,-8.6,inglejo01
264,Brandon Ingram,SF,24,NOP,55,1869,,.461,.501,.327,.498,.826,.554,.328,.230,,100,94,93,94,107,98,132,58,,-65.3,-27.1,ingrabr01
265,Kyrie Irving,PG,29,BRK,29,1091,,.469,.501,.418,.550,.915,.592,.209,.388,,102,94,118,104,118,105,84,97,,23.0,34.4,irvinky01
266,Wes Iwundu,SF,27,ATL,3,82,,.444,.385,.600,.528,.750,.557,.222,.278,,96,72,170,99,97,98,90,70,,-0.1,-0.4,iwundwe01
267,Frank Jackson,PG,23,DET,53,1164,,.402,.529,.308,.491,.827,.530,.215,.578,,87,99,87,92,107,94,87,145,,-39.6,-38.6,jacksfr01
268,Isaiah Jackson,PF,20,IND,36,541,,.563,.584,.312,.575,.682,.607,.427,.078,,122,110,88,108,88,107,172,19,,17.9,20.0,jacksis01
269,Jaren Jackson Jr.,PF,22,MEM,78,2126,,.415,.476,.319,.477,.823,.535,.333,.387,,90,89,90,90,106,95,134,97,,-113.7,-72.6,jacksja02
270,Josh Jackson,SF,24,TOT,51,830,,.400,.512,.254,.455,.714,.491,.257,.433,,87,96,72,86,92,87,103,109,,-46.0,-50.0,jacksjo02
271,Justin Jackson,SF,26,TOT,7,37,,.333,.333,.333,.433,1.000,.472,.133,.600,,72,63,94,82,129,83,54,150,,-3.0,-3.0,jacksju01
272,Reggie Jackson,SG,31,LAC,75,2337,,.392,.439,.326,.460,.847,.488,.133,.419,,85,83,92,87,109,86,54,105,,-174.5,-201.5,jacksre01
273,LeBron James,PF,37,LAL,56,2084,,.524,.620,.359,.590,.756,.619,.275,.367,,114,116,102,111,98,109,111,92,,142.6,145.5,jamesle01
274,DeJon Jarreau,SG,24,IND,1,1,,,,,,,,,,,,,,,,,,,,.0,.0,jarrede01
275,DaQuan Jeffries,SG,24,MEM,3,9,,.500,1.000,.000,.500,,.500,.000,.500,,108,188,,94,,88,,125,,-0.1,-0.3,jeffrda01
276,Ty Jerome,SG,24,OKC,48,801,,.378,.493,.290,.460,.809,.488,.143,.567,,82,93,82,87,104,86,58,142,,-46.8,-54.7,jeromty01
277,Isaiah Joe,SG,22,PHI,55,609,,.350,.405,.333,.477,.935,.519,.175,.763,,76,76,94,90,121,92,71,191,,-19.2,-17.8,joeis01
278,Alize Johnson,PF,25,TOT,23,167,,.436,.486,.000,.436,.583,.463,.308,.103,,95,91,,82,75,82,124,26,,-7.5,-9.1,johnsal02
279,B.J. Johnson,SF,26,ORL,4,65,,.440,.467,.400,.520,,.520,.000,.400,,95,88,113,98,,92,,100,,-0.6,-2.3,johnsbj01
280,Cameron Johnson,PF,25,PHO,66,1730,,.460,.523,.425,.596,.860,.625,.188,.644,,100,98,120,112,111,110,76,161,,78.5,78.1,johnsca02
281,David Johnson,SG,20,TOR,2,2,,.000,,.000,.000,,.000,.000,1.000,,,,,,,,,250,,-1.1,-1.1,johnsda08
282,James Johnson,PF,34,BRK,62,1191,,.469,.545,.271,.507,.527,.513,.179,.277,,102,102,77,95,68,91,72,69,,-15.5,-34.9,johnsja01
283,Jalen Johnson,PF,20,ATL,22,120,,.537,.679,.231,.573,.714,.590,.171,.317,,116,127,65,108,92,104,69,79,,3.4,2.1,johnsja05
284,Joe Johnson,SG,40,BOS,1,2,,1.000,1.000,,1.000,,1.000,.000,.000,,217,188,,188,,177,,,,.9,.9,johnsjo02
285,Keldon Johnson,SF,22,SAS,75,2392,,.466,.510,.398,.545,.756,.574,.231,.395,,101,96,113,102,98,101,93,99,,25.9,17.0,johnske04
286,Keon Johnson,SG,19,TOT,37,697,,.353,.360,.340,.415,.804,.453,.188,.368,,77,68,96,78,104,80,76,92,,-63.2,-66.3,johnske07
287,Stanley Johnson,PF,25,LAL,48,1094,,.466,.575,.314,.532,.716,.564,.295,.418,,101,108,89,100,92,100,119,105,,.1,-1.0,johnsst04
288,Tyler Johnson,PG,29,TOT,6,91,,.300,.143,.385,.425,,.425,.000,.650,,65,27,109,80,,75,,163,,-4.3,-5.6,johnsty01
289,Nikola Jokić,C,26,DEN,74,2476,,.583,.652,.337,.620,.810,.661,.357,.220,,126,122,95,117,105,117,144,55,,230.9,286.9,jokicni01
290,Carlik Jones,PG,24,TOT,5,23,,.111,.125,.000,.111,1.000,.202,.222,.111,,24,23,,21,129,36,90,28,,-7.6,-7.2,jonesca03
291,Damian Jones,C,26,SAC,56,1017,,.658,.696,.345,.677,.718,.701,.492,.109,,143,131,98,127,93,124,198,27,,77.1,87.6,jonesda03
292,Derrick Jones Jr.,PF,24,CHI,51,899,,.538,.634,.328,.590,.800,.633,.359,.313,,117,119,93,111,103,112,145,78,,22.6,30.4,jonesde02
293,Herbert Jones,PF,23,NOP,78,2335,,.476,.533,.337,.525,.840,.573,.283,.293,,103,100,95,99,109,101,114,73,,-7.5,8.8,joneshe01
294,Jemerrio Jones,SF,26,LAL,2,15,,.667,.667,,.667,,.667,.000,.000,,145,125,,125,,118,,,,.8,.6,jonesje01
295,Kai Jones,C,21,CHO,21,63,,.643,.667,.500,.679,.375,.628,.571,.143,,139,125,141,128,48,111,230,36,,4.1,2.2,joneska01
296,Mason Jones,SG,23,LAL,4,51,,.467,.545,.250,.500,.800,.625,1.000,.267,,101,102,71,94,103,110,403,67,,-1.0,2.5,jonesma05
297,Tre Jones,PG,22,SAS,69,1148,,.490,.542,.196,.504,.780,.545,.268,.150,,106,102,55,95,101,96,108,38,,-18.5,-16.1,jonestr01
298,Tyus Jones,PG,25,MEM,73,1549,,.451,.487,.390,.524,.818,.544,.120,.371,,98,91,110,98,106,96,48,93,,-9.0,-25.7,jonesty01
299,DeAndre Jordan,C,33,TOT,48,622,,.643,.643,,.643,.550,.641,.280,.000,,140,121,,121,71,113,113,,,31.9,24.2,jordade01
300,Cory Joseph,PG,30,DET,65,1600,,.445,.465,.414,.526,.885,.579,.282,.393,,97,87,117,99,114,102,114,98,,-4.4,11.9,josepco01
301,Georgios Kalaitzakis,SF,23,TOT,13,214,,.463,.512,.385,.537,.467,.536,.448,.388,,100,96,109,101,60,95,180,97,,.8,-4.8,kalaige01
302,Frank Kaminsky,C,28,PHO,9,181,,.545,.608,.333,.583,.900,.635,.303,.227,,118,114,94,110,116,112,122,57,,6.8,10.3,kaminfr01
303,Enes Freedom,C,29,BOS,35,411,,.526,.533,.400,.536,.857,.585,.289,.052,,114,100,113,101,111,103,116,13,,.9,4.3,kanteen01
304,Luke Kennard,SG,25,LAC,70,1919,,.449,.449,.449,.598,.896,.619,.121,.662,,97,84,127,112,116,109,49,166,,84.5,71.3,kennalu01
305,Braxton Key,SF,24,TOT,11,197,,.458,.529,.286,.500,.538,.508,.181,.292,,99,99,81,94,70,90,73,73,,-4.6,-9.0,keybr01
306,George King,SF,28,DAL,4,19,,.000,.000,.000,.000,.500,.085,.400,.800,,,,,,65,15,161,200,,-5.3,-5.7,kingge03
307,Louis King,SF,22,SAC,10,104,,.319,.350,.296,.404,.700,.438,.213,.574,,69,66,84,76,90,77,86,144,,-12.0,-13.2,kinglo02
308,Corey Kispert,SF,22,WAS,77,1801,,.455,.629,.350,.564,.871,.586,.121,.623,,99,118,99,106,112,103,49,156,,33.4,21.3,kispeco01
309,Maxi Kleber,PF,30,DAL,59,1450,,.398,.586,.325,.516,.708,.537,.184,.720,,86,110,92,97,91,95,74,180,,-11.4,-22.1,klebima01
310,Brandon Knight,PG,30,DAL,5,65,,.400,.750,.235,.480,1.000,.561,.320,.680,,87,141,67,90,129,99,129,170,,-2.6,-0.3,knighbr03
311,Nathan Knight,PF,24,MIN,37,267,,.511,.547,.308,.534,.733,.603,.682,.148,,111,103,87,100,95,107,275,37,,.4,8.5,knighna01
312,Kevin Knox,SF,22,TOT,30,222,,.365,.516,.278,.453,.727,.491,.259,.635,,79,97,79,85,94,87,104,159,,-13.4,-14.2,knoxke01
313,John Konchar,SG,25,MEM,72,1292,,.515,.610,.413,.615,.551,.615,.187,.481,,112,115,117,116,71,109,75,120,,43.4,28.0,konchjo01
314,Furkan Korkmaz,SG,24,PHI,67,1414,,.387,.515,.289,.469,.810,.502,.179,.566,,84,97,82,88,105,89,72,142,,-58.8,-64.9,korkmfu01
315,Luke Kornet,C,26,TOT,15,103,,.481,.591,.000,.481,.667,.506,.222,.185,,104,111,,91,86,89,90,46,,-2.7,-3.6,kornelu01
316,Vit Krejci,SG,21,OKC,30,690,,.407,.522,.327,.503,.864,.529,.132,.587,,88,98,92,95,111,93,53,147,,-9.6,-13.0,krejcvi01
317,Arnoldas Kulboka,SF,24,CHO,2,5,,.000,,.000,.000,,.000,.000,1.000,,,,,,,,,250,,-1.1,-1.1,kulboar01
318,Jonathan Kuminga,SF,19,GSW,70,1185,,.513,.598,.336,.567,.684,.600,.413,.324,,111,112,95,107,88,106,166,81,,32.8,36.6,kuminjo01
319,Kyle Kuzma,PF,26,WAS,66,2204,,.452,.526,.341,.520,.712,.547,.234,.401,,98,99,97,98,92,97,94,100,,-21.3,-38.6,kuzmaky01
320,Anthony Lamb,SF,24,SAS,2,8,,.000,,.000,.000,,.000,.000,1.000,,,,,,,,,250,,-2.1,-2.3,lamban01
321,Jeremy Lamb,SG-SF,29,TOT,56,935,,.383,.441,.324,.463,.840,.521,.305,.490,,83,83,91,87,108,92,123,123,,-48.0,-35.6,lambje01
322,Jock Landale,C,26,SAS,54,589,,.495,.626,.326,.566,.829,.597,.201,.436,,107,118,92,106,107,105,81,109,,14.1,13.7,landajo01
323,Romeo Langford,SG,22,TOT,48,771,,.435,.509,.341,.510,.548,.520,.220,.445,,94,96,96,96,71,92,89,111,,-8.1,-19.1,langfro01
324,Zach LaVine,SG,26,CHI,67,2328,,.476,.534,.389,.554,.853,.605,.316,.401,,103,100,110,104,110,107,127,100,,53.8,105.7,lavinza01
325,Jake Layman,SF,27,MIN,34,231,,.411,.579,.229,.466,.722,.500,.247,.479,,89,109,65,88,93,88,99,120,,-9.6,-10.6,laymaja01
326,Damion Lee,SG,29,GSW,63,1256,,.441,.541,.337,.523,.880,.561,.196,.488,,96,102,95,98,114,99,79,122,,-6.3,-3.9,leeda03
327,Saben Lee,PG,22,DET,37,604,,.390,.470,.233,.429,.789,.499,.401,.339,,85,88,66,81,102,88,162,85,,-36.2,-27.7,leesa01
328,Alex Len,C,28,SAC,39,620,,.534,.568,.286,.551,.651,.577,.358,.119,,116,107,81,104,84,102,144,30,,6.8,4.4,lenal01
329,Caris LeVert,SG,27,TOT,58,1781,,.444,.497,.320,.492,.756,.525,.226,.300,,96,93,91,92,98,93,91,75,,-68.1,-76.9,leverca01
330,Kira Lewis Jr.,PG,20,NOP,24,341,,.404,.523,.224,.449,.833,.466,.082,.397,,88,98,63,84,108,82,33,99,,-24.3,-30.2,lewiski01
331,Scottie Lewis,SG,21,CHO,2,7,,,,,,.500,.568,,,,,,,,65,100,,,,.0,.0,lewissc01
332,Damian Lillard,PG,31,POR,29,1056,,.402,.485,.324,.486,.878,.550,.328,.514,,87,91,92,91,113,97,132,129,,-51.0,-20.0,lillada01
333,Nassir Little,SF,21,POR,42,1088,,.460,.584,.331,.541,.734,.575,.298,.489,,100,110,94,102,95,102,120,122,,6.0,6.6,littlna01
334,Isaiah Livers,SF,23,DET,19,383,,.456,.538,.422,.606,.857,.629,.156,.711,,99,101,119,114,111,111,63,178,,13.3,12.1,liveris01
335,Kevon Looney,C,25,GSW,82,1732,,.571,.573,.000,.571,.600,.586,.343,.003,,124,108,,107,77,104,138,1,,28.9,16.7,looneke01
336,Brook Lopez,C,33,MIL,13,298,,.466,.538,.358,.538,.870,.570,.176,.405,,101,101,101,101,112,101,71,101,,1.7,1.3,lopezbr01
337,Robin Lopez,C,33,ORL,36,612,,.553,.560,.333,.558,.593,.570,.271,.030,,120,105,94,105,77,101,109,8,,10.4,1.8,lopezro01
338,Didi Louzada,SG-SF,22,TOT,9,129,,.364,.300,.391,.500,1.000,.517,.061,.697,,79,56,111,94,129,91,24,175,,-2.1,-3.4,louzama01
339,Kevin Love,C,33,CLE,74,1665,,.430,.493,.392,.553,.838,.594,.260,.627,,93,93,111,104,108,105,105,157,,31.8,46.9,loveke01
340,Kyle Lowry,PG,35,MIA,63,2133,,.440,.539,.377,.555,.851,.600,.278,.609,,95,101,107,104,110,106,112,153,,29.3,47.6,lowryky01
341,Gabriel Lundberg,SG,27,PHO,4,44,,.263,.182,.375,.342,,.342,.000,.421,,57,34,106,64,,60,,105,,-7.2,-8.5,lundbga01
342,Timothé Luwawu-Cabarrot,SF,26,ATL,52,685,,.398,.469,.361,.516,.854,.556,.220,.656,,86,88,102,97,110,98,89,164,,-5.8,-4.0,luwawti01
343,Trey Lyles,PF,26,TOT,75,1537,,.466,.552,.321,.526,.802,.588,.432,.372,,101,104,91,99,104,104,174,93,,-6.6,28.8,lylestr01
344,Théo Maledon,PG,20,OKC,51,908,,.375,.449,.293,.445,.790,.500,.315,.473,,81,84,83,84,102,88,127,119,,-55.1,-47.6,maledth01
345,Sandro Mamukelashvili,PF,22,MIL,41,407,,.496,.556,.423,.591,.818,.618,.191,.452,,107,104,120,111,106,109,77,113,,13.7,12.9,mamuksa01
346,Terance Mann,SF,25,LAC,81,2317,,.484,.535,.365,.539,.780,.572,.238,.301,,105,101,103,101,101,101,96,75,,10.3,9.2,mannte01
347,Tre Mann,PG,20,OKC,60,1367,,.393,.421,.360,.476,.793,.501,.139,.463,,85,79,102,90,102,88,56,116,,-65.3,-81.5,manntr01
348,Boban Marjanović,C,33,DAL,23,128,,.600,.621,.250,.607,.591,.615,.314,.057,,130,117,71,114,76,109,127,14,,10.6,7.8,marjabo01
349,Lauri Markkanen,SF,24,CLE,61,1878,,.445,.548,.358,.542,.868,.582,.226,.541,,97,103,101,102,112,103,91,135,,14.4,25.0,markkla01
350,Naji Marshall,SF,24,NOP,55,735,,.405,.537,.200,.444,.796,.505,.346,.390,,88,101,57,84,103,89,139,98,,-47.0,-37.8,marshna01
351,Caleb Martin,SF,26,MIA,60,1372,,.507,.565,.413,.585,.763,.611,.227,.378,,110,106,117,110,99,108,91,95,,44.0,40.6,martica02
352,Cody Martin,SF,26,CHO,71,1866,,.482,.542,.384,.554,.701,.579,.253,.376,,105,102,109,104,90,102,102,94,,19.2,11.9,martico01
353,Kelan Martin,SF,26,TOT,30,450,,.409,.500,.293,.474,.692,.484,.076,.439,,89,94,83,89,89,85,31,110,,-19.8,-29.0,martike03
354,Kenyon Martin Jr.,SF,21,HOU,79,1656,,.533,.617,.357,.591,.634,.603,.235,.321,,116,116,101,111,82,107,95,80,,61.9,42.7,martike04
355,Garrison Mathews,SG,25,HOU,65,1712,,.399,.600,.360,.550,.794,.602,.390,.837,,87,113,102,103,103,106,157,210,,16.8,38.5,mathega01
356,Dakota Mathias,SG,26,MEM,6,16,,.333,,.333,.500,,.500,.000,1.000,,72,,94,94,,88,,250,,-0.4,-0.8,mathida01
357,Wesley Matthews,SG,35,MIL,49,1002,,.395,.540,.338,.516,.786,.536,.127,.714,,86,101,95,97,101,95,51,179,,-6.9,-14.0,matthwe02
358,Tyrese Maxey,PG,21,PHI,75,2650,,.485,.512,.427,.552,.866,.594,.247,.311,,105,96,121,104,112,105,100,78,,39.9,62.1,maxeyty01
359,Skylar Mays,SG,24,ATL,28,220,,.500,.615,.320,.562,.889,.589,.141,.391,,108,116,91,106,115,104,57,98,,3.9,3.1,mayssk01
360,Miles McBride,PG,21,NYK,40,372,,.296,.375,.250,.375,.667,.393,.111,.630,,64,70,71,71,86,69,45,158,,-33.8,-39.2,mcbrimi01
361,Mac McClung,SG-PG,23,TOT,2,25,,.500,.667,.333,.583,1.000,.621,.167,.500,,108,125,94,110,129,110,67,125,,.6,.7,mccluma01
362,CJ McCollum,SG,30,TOT,62,2145,,.460,.509,.388,.539,.682,.553,.146,.403,,100,96,110,101,88,98,59,101,,16.2,-32.3,mccolcj01
363,T.J. McConnell,PG,29,IND,27,652,,.481,.514,.303,.505,.826,.525,.111,.159,,104,97,86,95,107,93,45,40,,-11.2,-17.9,mccontj01
364,Jalen McDaniels,SF,24,CHO,55,895,,.484,.562,.380,.565,.736,.595,.283,.425,,105,105,107,106,95,105,114,106,,16.9,16.6,mcdanja01
365,Jaden McDaniels,PF,21,MIN,70,1803,,.460,.579,.317,.532,.803,.553,.128,.455,,100,109,90,100,104,98,52,114,,.9,-15.5,mcdanja02
366,Doug McDermott,PF,30,SAS,51,1223,,.462,.512,.422,.578,.784,.593,.110,.551,,100,96,119,109,101,105,44,138,,43.5,26.2,mcderdo01
367,JaVale McGee,C,34,PHO,74,1172,,.629,.637,.222,.631,.699,.651,.319,.020,,136,120,63,119,90,115,128,5,,91.0,88.8,mcgeeja01
368,Cameron McGriff,SF,24,POR,3,46,,.357,.375,.333,.429,1.000,.470,.143,.429,,77,70,94,81,129,83,58,107,,-2.9,-2.8,mcgrica01
369,Rodney McGruder,SG,30,DET,51,754,,.436,.506,.397,.564,.731,.577,.116,.649,,94,95,112,106,94,102,47,163,,14.7,5.4,mcgruro01
370,Alfonzo McKinnie,SF,29,CHI,17,206,,.393,.441,.333,.467,.250,.457,.131,.443,,85,83,94,88,32,81,53,111,,-7.9,-14.0,mckinal01
371,JaQuori McLaughlin,PG,24,DAL,4,11,,.000,.000,.000,.000,,.000,.000,.500,,,,,,,,,125,,-2.1,-2.3,mclauja01
372,Jordan McLaughlin,PG,25,MIN,62,902,,.440,.530,.318,.507,.750,.535,.200,.425,,95,100,90,95,97,95,81,106,,-9.7,-13.3,mclaujo01
373,Ben McLemore,SG,28,POR,64,1285,,.401,.533,.362,.541,.818,.567,.163,.774,,87,100,102,102,106,100,66,194,,9.8,1.0,mclembe01
374,De'Anthony Melton,SG,23,MEM,73,1657,,.404,.440,.374,.504,.750,.529,.173,.535,,88,83,106,95,97,93,70,134,,-38.0,-55.5,meltode01
375,Sam Merrill,SG,25,MEM,6,58,,.333,1.000,.304,.479,.500,.485,.167,.958,,72,188,86,90,65,86,67,240,,-2.5,-4.2,merrisa01
376,Chimezie Metu,C,24,SAC,60,1279,,.452,.555,.306,.516,.780,.546,.203,.414,,98,104,87,97,101,96,82,104,,-14.5,-19.6,metuch01
377,Khris Middleton,SF,30,MIL,66,2141,,.443,.494,.373,.522,.890,.577,.285,.425,,96,93,106,98,115,102,115,106,,-19.7,24.3,middlkh01
378,C.J. Miles,SG,34,BOS,1,2,,,,,,,,,,,,,,,,,,,,.0,.0,milescj01
379,Paul Millsap,C,36,TOT,33,376,,.391,.463,.229,.426,.708,.458,.209,.304,,85,87,65,80,91,81,84,76,,-24.3,-27.1,millspa01
380,Patty Mills,SG,33,BRK,81,2346,,.408,.429,.400,.551,.814,.563,.074,.715,,88,81,113,104,105,99,30,179,,30.7,-5.2,millspa02
381,Shake Milton,SG,25,PHI,55,1179,,.429,.481,.323,.483,.836,.517,.181,.330,,93,90,91,91,108,91,73,83,,-39.5,-42.6,miltosh01
382,Davion Mitchell,PG,23,SAC,75,2076,,.418,.480,.316,.477,.659,.489,.101,.380,,91,90,89,90,85,86,41,95,,-91.4,-135.6,mitchda01
383,Donovan Mitchell,SG,25,UTA,67,2266,,.448,.533,.355,.533,.853,.572,.227,.475,,97,100,100,100,110,101,92,119,,2.8,19.5,mitchdo01
384,Evan Mobley,PF,20,CLE,69,2331,,.508,.541,.250,.522,.663,.549,.304,.111,,110,102,71,98,86,97,122,28,,-15.6,-31.1,mobleev01
385,Malik Monk,SG,23,LAL,76,2139,,.473,.568,.391,.578,.795,.597,.142,.535,,103,107,111,109,103,106,57,134,,76.6,54.7,monkma01
386,Greg Monroe,C,31,TOT,14,195,,.561,.561,,.561,.522,.566,.404,.000,,122,105,,106,67,100,163,,,3.4,.0,monrogr01
387,Moses Moody,SG,19,GSW,52,607,,.437,.548,.364,.546,.778,.573,.197,.601,,95,103,103,103,100,101,79,151,,5.4,2.9,moodymo01
388,Matt Mooney,SG,24,NYK,1,2,,.000,,.000,.000,,.000,.000,1.000,,,,,,,,,250,,-1.1,-1.1,moonema01
389,Xavier Moon,SG,27,LAC,10,137,,.490,.541,.357,.539,.600,.545,.098,.275,,106,101,101,101,77,96,40,69,,.8,-2.2,moonxa01
390,Ja Morant,PG,22,MEM,57,1889,,.493,.534,.344,.530,.761,.575,.353,.218,,107,100,97,100,98,102,142,54,,-3.6,24.9,moranja01
391,Juwan Morgan,PF,24,TOT,2,31,,.667,1.000,.500,.833,,.833,.000,.667,,145,188,141,157,,147,,167,,1.8,1.6,morgaju01
392,Jaylen Morris,SG,26,SAS,3,16,,.000,.000,.000,.000,.500,.129,.667,.333,,,,,,65,23,269,83,,-6.4,-6.8,morrija01
393,Markieff Morris,PF,32,MIA,17,298,,.474,.547,.333,.531,.889,.547,.079,.342,,103,103,94,100,115,97,32,86,,-0.2,-4.5,morrima02
394,Marcus Morris,PF,32,LAC,54,1564,,.434,.478,.367,.507,.872,.549,.214,.398,,94,90,104,95,113,97,86,100,,-33.8,-25.9,morrima03
395,Monte Morris,PG,26,DEN,75,2239,,.484,.545,.395,.564,.869,.583,.109,.406,,105,102,112,106,112,103,44,102,,50.0,28.1,morrimo01
396,Emmanuel Mudiay,PG,25,SAC,2,11,,.000,.000,,.000,.750,.399,2.000,.000,,,,,,97,70,806,,,-2.1,-1.3,mudiaem01
397,Mychal Mulder,PG,27,TOT,17,239,,.312,.304,.315,.422,1.000,.438,.052,.701,,68,57,89,79,129,77,21,176,,-16.9,-20.2,muldemy01
398,Ade Murkey,SG,24,SAC,1,1,,,,,,,,,,,,,,,,,,,,.0,.0,murkead01
399,Trey Murphy III,SF,21,NOP,62,864,,.394,.418,.382,.522,.882,.558,.184,.671,,85,78,108,98,114,99,74,168,,-5.6,-5.0,murphtr02
400,Dejounte Murray,PG,25,SAS,68,2366,,.462,.504,.327,.500,.794,.533,.199,.237,,100,95,92,94,102,94,80,59,,-77.7,-89.8,murrade01
401,Mike Muscala,C,30,OKC,43,592,,.456,.506,.429,.597,.842,.630,.230,.657,,99,95,121,112,109,111,93,165,,32.3,34.9,muscami01
402,Svi Mykhailiuk,SF,24,TOR,56,716,,.389,.500,.306,.476,.865,.509,.158,.573,,84,94,87,90,112,90,64,143,,-25.8,-28.3,mykhasv01
403,Abdel Nader,SF,28,PHO,14,145,,.343,.381,.286,.400,.600,.431,.286,.400,,74,72,81,75,77,76,115,100,,-9.2,-10.6,naderab01
404,Larry Nance Jr.,C-PF,29,TOT,46,1040,,.522,.599,.329,.569,.702,.590,.231,.283,,113,112,93,107,91,104,93,71,,18.3,13.0,nancela02
405,RJ Nembhard Jr.,SG,22,CLE,14,63,,.333,.375,.000,.333,.750,.380,.222,.111,,72,70,,63,97,67,90,28,,-7.1,-7.4,nembhrj01
406,Aaron Nesmith,SF,22,BOS,52,574,,.396,.612,.270,.481,.808,.507,.143,.632,,86,115,76,90,104,90,58,158,,-18.5,-23.0,nesmiaa01
407,Raul Neto,PG,29,WAS,70,1372,,.463,.526,.292,.502,.769,.538,.245,.272,,100,99,82,94,99,95,99,68,,-26.0,-27.0,netora01
408,Malik Newman,PG,24,CLE,1,8,,.600,.750,.000,.600,1.000,.680,.400,.200,,130,141,,113,129,120,161,50,,.7,1.3,newmama01
409,Georges Niang,PF,28,PHI,76,1736,,.437,.511,.403,.575,.881,.594,.105,.687,,95,96,114,108,114,105,42,172,,49.3,33.3,niangge01
410,Daishen Nix,SG,19,HOU,24,261,,.403,.488,.269,.455,.533,.480,.448,.388,,87,92,76,86,69,85,180,97,,-10.2,-13.8,nixda01
411,Zeke Nnaji,PF,21,DEN,41,698,,.516,.557,.463,.616,.631,.629,.349,.430,,112,105,131,116,81,111,141,108,,31.2,27.1,nnajize01
412,Nerlens Noel,C,27,NYK,25,562,,.533,.561,.000,.533,.700,.581,.500,.050,,116,105,,100,90,103,201,13,,.2,2.1,noelne01
413,Jaylen Nowell,SG,22,MIN,62,975,,.475,.526,.394,.551,.783,.581,.223,.387,,103,99,111,104,101,103,90,97,,15.8,13.7,nowelja01
414,Frank Ntilikina,SG,23,DAL,58,685,,.399,.455,.342,.484,.960,.513,.112,.498,,87,86,97,91,124,91,45,125,,-21.1,-24.9,ntilila01
415,Jusuf Nurkić,C,27,POR,56,1579,,.535,.562,.268,.547,.690,.586,.447,.093,,116,106,76,103,89,104,180,23,,19.0,29.3,nurkiju01
416,David Nwaba,SF,29,HOU,46,609,,.483,.551,.306,.526,.716,.567,.381,.278,,105,103,87,99,92,100,153,70,,-2.2,.4,nwabada01
417,Jordan Nwora,SF,23,MIL,62,1185,,.403,.455,.348,.488,.837,.506,.093,.491,,87,85,98,92,108,89,38,123,,-40.3,-57.4,nworajo01
418,Semi Ojeleye,PF,27,TOT,30,406,,.303,.306,.300,.379,.793,.438,.293,.505,,66,57,85,71,102,77,118,126,,-30.3,-28.5,ojelese01
419,Chuma Okeke,PF,23,ORL,70,1749,,.376,.480,.318,.478,.846,.501,.113,.645,,81,90,90,90,109,89,46,162,,-61.4,-78.3,okekech01
420,Josh Okogie,SG,23,MIN,49,516,,.404,.491,.298,.471,.686,.526,.490,.452,,88,92,84,89,89,93,198,113,,-12.6,-10.1,okogijo01
421,Onyeka Okongwu,C,21,ATL,48,992,,.690,.690,,.690,.727,.714,.487,.000,,150,130,,130,94,126,196,,,71.7,81.4,okongon01
422,Isaac Okoro,SF,21,CLE,67,1981,,.480,.555,.350,.544,.768,.589,.360,.364,,104,104,99,102,99,104,145,91,,10.7,22.9,okorois01
423,KZ Okpala,PF,22,MIA,21,244,,.435,.488,.346,.500,.727,.521,.159,.377,,94,92,98,94,94,92,64,94,,-4.4,-6.6,okpalkz01
424,Victor Oladipo,SG,29,MIA,8,173,,.479,.541,.417,.582,.737,.608,.260,.493,,104,101,118,109,95,107,105,124,,7.4,6.9,oladivi01
425,Cameron Oliver,SF,25,ATL,2,43,,.667,.750,.333,.700,.667,.705,.200,.200,,145,141,94,132,86,124,81,50,,5.0,4.5,oliveca01
426,Kelly Olynyk,C,30,DET,40,764,,.448,.527,.336,.517,.775,.561,.311,.416,,97,99,95,97,100,99,125,104,,-8.1,-3.1,olynyke01
427,Eugene Omoruyi,SF,24,DAL,4,18,,.400,.333,.500,.500,.500,.518,.800,.400,,87,63,141,94,65,91,322,100,,-0.3,-0.7,omorueu01
428,Royce O'Neale,SF,28,UTA,77,2406,,.457,.609,.389,.591,.804,.608,.126,.689,,99,114,110,111,104,107,51,173,,52.9,39.5,onealro01
429,Miye Oni,SG,24,UTA,16,44,,.222,1.000,.125,.278,.000,.265,.111,.889,,48,188,35,52,,47,45,223,,-4.6,-5.7,onimi01
430,Cedi Osman,SF,26,CLE,66,1462,,.432,.559,.357,.544,.664,.563,.229,.628,,94,105,101,102,86,99,92,157,,13.7,-3.7,osmande01
431,Daniel Oturu,C,22,TOR,3,27,,.500,.600,.000,.500,.600,.549,.833,.167,,108,113,,94,77,97,336,42,,-0.4,-0.3,oturuda01
432,Kelly Oubre Jr.,SF,26,CHO,76,1999,,.440,.578,.345,.542,.667,.560,.203,.593,,95,109,98,102,86,99,82,149,,19.9,-12.2,oubreke01
433,Jaysean Paige,PG,27,DET,1,7,,.000,.000,.000,.000,,.000,.000,.667,,,,,,,,,167,,-3.2,-3.4,paigeja01
434,Trayvon Palmer,SG,27,DET,1,17,,.000,.000,,.000,,.000,.000,.000,,,,,,,,,,,-1.1,-1.1,palmetr01
435,Kevin Pangos,PG,29,CLE,24,166,,.326,.450,.231,.391,.750,.408,.087,.565,,71,84,65,74,97,72,35,142,,-12.9,-15.1,pangoke01
436,Jabari Parker,PF,26,BOS,12,112,,.474,.455,.500,.579,1.000,.632,.237,.421,,103,85,141,109,129,112,95,105,,3.6,5.5,parkeja01
437,Eric Paschall,PF,25,UTA,58,736,,.485,.583,.370,.570,.767,.612,.366,.460,,105,109,105,107,99,108,147,115,,18.1,25.1,pascher01
438,Chris Paul,PG,36,PHO,65,2139,,.493,.559,.317,.536,.837,.581,.274,.270,,107,105,90,101,108,103,111,68,,6.4,24.2,paulch01
439,Cameron Payne,PG,27,PHO,58,1278,,.409,.449,.336,.469,.843,.500,.152,.359,,89,84,95,88,109,88,61,90,,-73.2,-82.8,payneca01
440,Elfrid Payton,PG,27,PHO,50,549,,.383,.401,.222,.394,.375,.397,.183,.103,,83,75,63,74,48,70,74,26,,-48.1,-64.0,paytoel01
441,Gary Payton II,SG,29,GSW,71,1247,,.616,.754,.358,.679,.603,.679,.169,.349,,134,142,101,128,78,120,68,87,,101.2,83.7,paytoga02
442,Norvel Pelle,C,28,UTA,3,19,,.600,.600,,.600,,.600,.000,.000,,130,113,,113,,106,,,,.7,.3,pelleno01
443,Reggie Perry,PF,21,TOT,10,187,,.506,.587,.188,.525,.600,.537,.190,.203,,110,110,53,99,77,95,77,51,,-1.0,-4.9,perryre01
444,Jamorko Pickett,PF,24,DET,13,176,,.360,.455,.333,.490,.500,.491,.040,.780,,78,85,94,92,65,87,16,195,,-4.2,-7.6,pickeja01
445,Theo Pinson,SF,26,DAL,19,148,,.359,.444,.333,.487,1.000,.553,.256,.769,,78,83,94,92,129,98,103,193,,-3.5,-1.1,pinsoth01
446,Mason Plumlee,C,31,CHO,73,1793,,.641,.645,.000,.641,.392,.603,.534,.006,,139,121,,120,51,107,215,2,,69.7,29.6,plumlma01
447,Jakob Poeltl,C,26,SAS,68,1970,,.618,.618,1.000,.619,.495,.613,.287,.002,,134,116,283,116,64,108,115,,,116.0,69.9,poeltja01
448,Aleksej Pokusevski,PF,20,OKC,61,1233,,.408,.498,.289,.470,.700,.485,.110,.432,,88,94,82,88,90,86,44,108,,-55.9,-77.1,pokusal01
449,Yves Pons,SF,22,MEM,12,71,,.312,.286,.333,.406,.000,.385,.125,.562,,68,54,94,76,,68,50,141,,-4.0,-6.1,ponsyv01
450,Jordan Poole,SG,22,GSW,76,2283,,.448,.550,.364,.548,.925,.598,.251,.548,,97,103,103,103,119,106,101,137,,33.9,74.9,poolejo01
451,Kevin Porter Jr.,PG,21,HOU,61,1907,,.415,.456,.375,.511,.642,.531,.239,.511,,90,86,106,96,83,94,96,128,,-34.2,-61.8,porteke02
452,Michael Porter Jr.,SF,23,DEN,9,265,,.359,.491,.208,.408,.556,.416,.087,.466,,78,92,59,77,72,74,35,117,,-25.5,-32.1,portemi01
453,Otto Porter Jr.,PF,28,GSW,63,1396,,.464,.565,.370,.560,.803,.581,.147,.519,,101,106,105,105,104,103,59,130,,23.6,13.7,porteot01
454,Bobby Portis,C,26,MIL,72,2028,,.479,.533,.393,.555,.752,.571,.130,.388,,104,100,111,104,97,101,52,97,,40.8,9.8,portibo01
455,Kristaps Porziņģis,PF,26,TOT,51,1481,,.459,.532,.310,.510,.867,.577,.373,.329,,100,100,88,96,112,102,150,82,,-33.6,19.3,porzikr01
456,Micah Potter,C,23,DET,3,31,,.455,.556,.000,.455,1.000,.505,.182,.182,,99,104,,85,129,89,73,46,,-1.7,-1.4,pottemi01
457,Dwight Powell,C,30,DAL,82,1798,,.671,.703,.351,.687,.783,.725,.529,.092,,145,132,99,129,101,128,213,23,,124.6,157.5,poweldw01
458,Myles Powell,PG,24,PHI,11,52,,.294,.364,.167,.324,1.000,.364,.118,.353,,64,68,47,61,129,64,47,88,,-7.1,-7.2,powelmy01
459,Norman Powell,SF-SG,28,TOT,45,1458,,.461,.491,.419,.549,.811,.603,.385,.418,,100,92,118,103,105,107,155,105,,20.7,52.1,powelno01
460,Joshua Primo,SF,19,SAS,50,965,,.374,.444,.307,.452,.746,.487,.219,.507,,81,83,87,85,96,86,88,127,,-43.1,-47.0,primojo01
461,Taurean Prince,PF,27,MIN,69,1177,,.454,.565,.376,.564,.756,.589,.210,.587,,98,106,106,106,98,104,85,147,,25.3,19.7,princta02
462,Payton Pritchard,PG,24,BOS,71,1001,,.429,.461,.412,.564,1.000,.578,.056,.657,,93,87,117,106,129,102,23,165,,24.4,9.3,pritcpa01
463,Trevelin Queen,SG,24,HOU,10,74,,.455,.667,.375,.591,1.000,.619,.121,.727,,99,125,106,111,129,109,49,182,,3.9,3.7,queentr01
464,Neemias Queta,C,22,SAC,15,120,,.447,.447,,.447,.647,.495,.447,.000,,97,84,,84,84,87,180,,,-6.4,-6.5,quetane01
465,Immanuel Quickley,PG,22,NYK,78,1802,,.392,.448,.346,.487,.881,.543,.278,.547,,85,84,98,92,114,96,112,137,,-64.9,-37.7,quickim01
466,Jahmi'us Ramsey,SG,20,SAC,19,134,,.414,.475,.278,.457,.500,.468,.241,.310,,90,89,79,86,65,83,97,78,,-8.7,-12.6,ramseja01
467,Julius Randle,PF,27,NYK,72,2544,,.411,.458,.308,.459,.756,.509,.322,.313,,89,86,87,86,98,90,130,78,,-181.0,-163.2,randlju01
468,Austin Reaves,SG,23,LAL,61,1418,,.459,.616,.317,.542,.839,.600,.371,.525,,100,116,90,102,108,106,150,132,,6.8,25.3,reaveau01
469,Cam Reddish,SF,22,TOT,49,1012,,.404,.442,.359,.485,.902,.543,.275,.451,,88,83,101,91,116,96,111,113,,-37.9,-20.6,reddica01
470,Davon Reed,SG,26,DEN,48,668,,.503,.587,.430,.618,.667,.624,.093,.534,,109,110,122,116,86,110,38,134,,27.8,19.3,reedda01
471,Paul Reed,C,22,PHI,38,302,,.562,.591,.250,.573,.429,.568,.146,.083,,122,111,71,108,55,100,59,21,,7.9,.4,reedpa01
472,Naz Reid,C,22,MIN,77,1215,,.489,.568,.343,.549,.765,.588,.313,.349,,106,107,97,103,99,104,126,87,,16.8,24.0,reidna01
473,Josh Richardson,SG,28,TOT,65,1600,,.438,.458,.415,.534,.889,.573,.202,.461,,95,86,117,100,115,101,81,115,,2.2,7.7,richajo01
474,Nick Richards,C,24,CHO,50,367,,.667,.667,,.667,.698,.689,.478,.000,,145,125,,125,90,122,193,,,24.3,26.7,richani01
475,Austin Rivers,SG,29,DEN,67,1480,,.417,.563,.342,.530,.727,.546,.126,.660,,90,106,97,100,94,96,51,165,,-1.2,-15.1,riverau01
476,Duncan Robinson,SG,27,MIA,79,2043,,.399,.569,.372,.559,.836,.573,.084,.860,,87,107,105,105,108,101,34,215,,40.0,10.8,robindu01
477,Jeremiah Robinson-Earl,C,21,OKC,49,1087,,.414,.478,.352,.503,.741,.526,.167,.509,,90,90,99,95,96,93,67,128,,-18.5,-27.7,robinje02
478,Justin Robinson,PG,24,TOT,25,304,,.301,.312,.295,.398,.500,.404,.086,.656,,65,59,83,75,65,71,35,164,,-24.9,-31.3,robinju01
479,Mitchell Robinson,C,23,NYK,72,1848,,.761,.761,,.761,.486,.722,.528,.000,,165,143,,143,63,128,213,,,157.3,131.6,robinmi01
480,Isaiah Roby,PF,23,OKC,45,948,,.514,.545,.444,.582,.672,.607,.359,.307,,111,102,126,109,87,107,145,77,,32.5,30.6,robyis01
481,Rajon Rondo,PG,35,TOT,39,697,,.386,.420,.352,.474,.731,.496,.148,.500,,84,79,100,89,94,88,60,125,,-20.2,-26.2,rondora01
482,Derrick Rose,PG,33,NYK,26,636,,.445,.467,.402,.513,.968,.541,.113,.336,,97,88,114,96,125,96,46,84,,-10.4,-14.6,rosede01
483,Terrence Ross,SG,30,ORL,63,1448,,.397,.493,.292,.467,.862,.515,.235,.477,,86,93,82,88,111,91,95,119,,-72.1,-62.9,rosste01
484,Terry Rozier,SG,27,CHO,73,2458,,.444,.516,.374,.539,.852,.566,.151,.508,,96,97,106,101,110,100,61,127,,17.0,-0.7,roziete01
485,Ricky Rubio,PG,31,CLE,34,970,,.363,.380,.339,.434,.854,.488,.251,.423,,79,71,96,82,110,86,101,106,,-80.0,-71.6,rubiori01
486,D'Angelo Russell,PG,25,MIN,65,2077,,.411,.492,.340,.502,.825,.544,.246,.531,,89,92,96,94,107,96,99,133,,-58.8,-47.2,russeda01
487,Matt Ryan,SF,24,BOS,1,5,,.200,,.200,.300,,.300,.000,1.000,,43,,57,56,,53,,250,,-2.3,-2.7,ryanma01
488,Domantas Sabonis,C-PF,25,TOT,62,2136,,.573,.623,.312,.598,.741,.637,.429,.162,,124,117,88,113,96,113,173,40,,103.0,130.6,sabondo01
489,Olivier Sarr,C,22,OKC,22,421,,.574,.625,.448,.639,.828,.672,.287,.287,,125,117,127,120,107,119,116,72,,21.6,24.2,sarrol01
490,Tomáš Satoranský,PG-SF-SG,30,TOT,55,906,,.377,.442,.208,.406,.796,.461,.283,.277,,82,83,59,76,103,81,114,69,,-48.1,-45.1,satorto01
491,Jordan Schakel,SG,23,WAS,4,30,,.091,.000,.167,.136,1.000,.210,.182,.545,,20,,47,26,129,37,73,137,,-8.7,-8.4,schakjo01
492,Admiral Schofield,SF,24,ORL,38,469,,.419,.560,.329,.519,.800,.538,.116,.612,,91,105,93,98,103,95,47,153,,-3.2,-7.5,schofad01
493,Dennis Schröder,PG-SG,28,TOT,64,1837,,.431,.477,.344,.490,.853,.539,.254,.345,,93,90,97,92,110,95,102,86,,-59.9,-44.2,schrode01
494,Tre Scott,SF,25,CLE,2,11,,.500,.600,.000,.500,,.500,.000,.167,,108,113,,94,,88,,42,,-0.4,-0.8,scotttr01
495,Jay Scrubb,SG,21,LAC,18,121,,.391,.480,.286,.457,.700,.486,.217,.457,,85,90,81,86,90,86,88,114,,-6.9,-8.1,scrubja01
496,Wayne Selden,SG,27,NYK,3,19,,.250,.000,.500,.375,.500,.434,1.000,.500,,54,,141,71,65,77,403,125,,-1.3,-1.5,seldewa01
497,Alperen Şengün,C,19,HOU,72,1489,,.474,.539,.248,.502,.711,.552,.442,.223,,103,101,70,94,92,97,178,56,,-31.3,-17.9,sengual01
498,Collin Sexton,SG,23,CLE,11,316,,.450,.538,.244,.487,.744,.523,.258,.298,,98,101,69,92,96,92,104,75,,-13.6,-14.4,sextoco01
499,Landry Shamet,SG,24,PHO,69,1437,,.394,.450,.368,.521,.840,.550,.167,.689,,85,85,104,98,108,97,67,172,,-10.7,-16.4,shamela01
500,Day'Ron Sharpe,PF,20,BRK,32,391,,.577,.592,.286,.584,.585,.593,.275,.047,,125,111,81,110,76,105,111,12,,15.6,8.9,sharpda01
501,Pascal Siakam,PF,27,TOR,68,2578,,.494,.527,.344,.525,.749,.565,.314,.181,,107,99,97,99,97,100,127,45,,-16.5,-4.1,siakapa01
502,Chris Silva,PF,25,TOT,10,91,,.533,.533,,.533,.833,.641,.800,.000,,116,100,,100,108,113,322,,,.0,3.0,silvach01
503,Anfernee Simons,SG,22,POR,57,1681,,.443,.490,.405,.555,.888,.583,.146,.555,,96,92,115,104,115,103,59,139,,37.5,28.0,simonan01
504,Marko Simonovic,C,22,CHI,9,35,,.267,.300,.200,.300,.727,.428,.733,.333,,58,56,57,56,94,76,296,83,,-7.0,-5.5,simonma01
505,Zavier Simpson,PG,24,OKC,4,174,,.365,.409,.125,.375,1.000,.406,.096,.154,,79,77,35,71,129,72,39,39,,-16.3,-17.4,simpsza01
506,Jericho Sims,PF,23,NYK,41,555,,.722,.722,,.722,.414,.674,.537,.000,,157,136,,136,53,119,216,,,20.6,14.4,simsje01
507,Deividas Sirvydis,SG,21,DET,3,27,,.100,.000,.143,.150,,.150,.000,.700,,22,,40,28,,27,,175,,-7.6,-8.3,sirvyde01
508,Javonte Smart,PG,22,TOT,17,200,,.317,.333,.296,.383,.833,.407,.100,.450,,69,63,84,72,108,72,40,113,,-17.8,-19.9,smartja01
509,Marcus Smart,PG,27,BOS,71,2296,,.418,.506,.331,.501,.793,.540,.249,.501,,91,95,93,94,102,95,100,126,,-44.5,-40.9,smartma01
510,Dennis Smith Jr.,PG,24,POR,37,638,,.418,.451,.222,.434,.656,.474,.339,.143,,91,85,63,82,85,84,136,36,,-37.0,-39.8,smithde03
511,Ish Smith,PG,33,TOT,65,1126,,.430,.441,.373,.459,.625,.465,.056,.156,,93,83,106,86,81,82,22,39,,-62.3,-88.7,smithis01
512,Jalen Smith,PF,21,TOT,51,925,,.503,.596,.328,.560,.765,.595,.291,.349,,109,112,93,105,99,105,117,87,,19.8,23.0,smithja04
513,Xavier Sneed,SF,24,TOT,9,39,,.200,.500,.125,.250,,.250,.000,.800,,43,94,35,47,,44,,200,,-5.6,-6.3,sneedxa01
514,Tony Snell,SG,30,TOT,53,823,,.404,.558,.352,.535,1.000,.541,.023,.749,,88,105,99,101,129,96,9,187,,1.2,-8.6,snellto01
515,Jaden Springer,SG,19,PHI,2,6,,1.000,1.000,,1.000,,1.000,.000,.000,,217,188,,188,,177,,,,.9,.9,sprinja01
516,Cassius Stanley,SG,22,DET,9,155,,.413,.517,.235,.457,1.000,.516,.217,.370,,90,97,67,86,129,91,88,93,,-6.9,-5.1,stanlca01
517,Nik Stauskas,SG,28,TOT,8,39,,.357,.250,.400,.500,.667,.541,.429,.714,,77,47,113,94,86,96,173,179,,-0.9,-0.8,stausni01
518,Lance Stephenson,PG-SG,31,TOT,46,814,,.455,.515,.300,.497,.787,.536,.248,.279,,99,97,85,93,102,95,100,70,,-22.5,-21.5,stephla01
519,Lamar Stevens,PF,24,CLE,63,1015,,.489,.543,.277,.517,.707,.544,.235,.204,,106,102,78,97,91,96,95,51,,-9.2,-15.5,stevela01
520,Isaiah Stewart,C,20,DET,71,1816,,.510,.529,.326,.526,.718,.550,.210,.094,,111,99,92,99,93,97,85,24,,-6.1,-17.0,stewais01
521,Max Strus,SF,25,MIA,68,1587,,.441,.557,.410,.602,.792,.614,.094,.784,,96,105,116,113,102,108,38,196,,79.3,56.2,strusma01
522,Jalen Suggs,PG,20,ORL,48,1307,,.361,.443,.214,.400,.773,.455,.297,.358,,78,83,61,75,100,80,120,90,,-144.7,-137.5,suggsja01
523,Craig Sword,SG,28,WAS,3,19,,.750,1.000,.000,.750,,.750,.000,.250,,163,188,,141,,133,,63,,1.7,1.5,swordcr01
524,Keifer Sykes,PG,28,IND,32,566,,.363,.420,.300,.434,.882,.456,.089,.474,,79,79,85,82,114,81,36,119,,-37.0,-43.5,sykeske01
525,Jae'Sean Tate,PF,26,HOU,78,2056,,.498,.569,.312,.541,.707,.567,.252,.277,,108,107,88,102,91,100,102,69,,13.8,2.1,tateja01
526,Jayson Tatum,SF,23,BOS,76,2731,,.453,.524,.353,.526,.853,.578,.300,.416,,98,98,100,99,110,102,121,104,,-17.1,42.0,tatumja01
527,Terry Taylor,SG,22,IND,33,714,,.614,.676,.316,.641,.706,.656,.232,.173,,133,127,89,121,91,116,93,43,,48.1,43.6,taylote01
528,Garrett Temple,SG,35,NOP,59,1098,,.376,.473,.319,.476,.683,.494,.139,.627,,82,89,90,90,88,87,56,157,,-32.7,-45.4,templga01
529,Emanuel Terry,PF,25,PHO,3,18,,.000,.000,,.000,,.000,.000,.000,,,,,,,,,,,-5.3,-5.7,terryem01
530,Tyrell Terry,PG,21,MEM,2,3,,1.000,1.000,,1.000,,1.000,.000,.000,,217,188,,188,,177,,,,.9,.9,terryty01
531,Jon Teske,C,24,MEM,3,8,,.000,.000,,.000,.000,.000,2.000,.000,,,,,,,,806,,,-1.1,-2.1,teskejo01
532,Daniel Theis,C,29,TOT,47,977,,.519,.641,.308,.576,.681,.595,.247,.368,,113,120,87,108,88,105,100,92,,25.6,18.7,theisda01
533,Brodric Thomas,SG,25,BOS,12,60,,.444,.667,.222,.500,.600,.520,.278,.500,,96,125,63,94,77,92,112,125,,-1.1,-1.9,thomabr01
534,Cam Thomas,SG,20,BRK,67,1176,,.433,.520,.270,.480,.829,.519,.209,.346,,94,98,76,90,107,92,84,87,,-51.9,-51.7,thomaca02
535,Isaiah Thomas,PG,32,TOT,22,333,,.401,.464,.337,.485,.846,.516,.156,.497,,87,87,95,91,109,91,63,124,,-15.6,-18.0,thomais02
536,Matt Thomas,SG,27,CHI,40,459,,.410,.465,.385,.541,.800,.564,.149,.679,,89,87,109,102,103,100,60,170,,2.5,-0.6,thomama02
537,Klay Thompson,SG,31,GSW,32,941,,.429,.477,.385,.529,.902,.547,.089,.517,,93,89,109,99,116,97,36,129,,-3.3,-22.0,thompkl01
538,Tristan Thompson,PF,30,TOT,57,897,,.528,.530,.333,.530,.526,.541,.434,.011,,115,100,94,100,68,96,175,3,,-0.9,-16.0,thomptr01
539,JT Thor,PF,19,CHO,33,262,,.436,.607,.259,.500,.600,.525,.364,.491,,95,114,73,94,77,93,147,123,,-3.5,-5.2,thorjt01
540,Matisse Thybulle,SG,24,PHI,66,1685,,.500,.673,.312,.575,.791,.594,.143,.480,,108,126,88,108,102,105,58,120,,26.0,18.0,thybuma01
541,Killian Tillie,C,23,MEM,36,461,,.339,.390,.314,.445,.625,.452,.063,.677,,73,73,89,84,81,80,25,170,,-22.0,-29.7,tilliki02
542,Xavier Tillman Sr.,PF,23,MEM,53,701,,.454,.527,.204,.477,.648,.510,.329,.227,,98,99,58,90,84,90,132,57,,-23.7,-27.9,tillmxa01
543,Isaiah Todd,PF,20,WAS,12,74,,.269,.300,.250,.346,.333,.349,.231,.615,,58,56,71,65,43,62,93,154,,-9.6,-12.4,toddis01
544,Obi Toppin,PF,23,NYK,72,1230,,.531,.655,.308,.586,.758,.614,.262,.357,,115,123,87,110,98,109,106,89,,51.0,50.8,toppiob01
545,Juan Toscano-Anderson,SF,28,GSW,73,994,,.489,.588,.322,.549,.571,.561,.298,.370,,106,110,91,103,74,99,120,93,,8.1,-2.9,toscaju01
546,Karl-Anthony Towns,C,26,MIN,74,2476,,.529,.580,.410,.591,.822,.640,.385,.301,,115,109,116,111,106,113,155,76,,143.1,211.2,townska01
547,Gary Trent Jr.,SG,23,TOR,70,2448,,.414,.445,.383,.511,.853,.546,.188,.502,,90,84,108,96,110,96,76,126,,-45.8,-48.0,trentga02
548,P.J. Tucker,PF,36,MIA,71,1981,,.484,.540,.415,.577,.738,.593,.143,.451,,105,101,117,109,95,105,57,113,,38.9,24.1,tuckepj01
549,Rayjon Tucker,SG,24,TOT,5,71,,.667,.500,.800,.889,.714,.869,.778,.556,,145,94,226,167,92,154,313,139,,6.4,7.3,tuckera01
550,Myles Turner,C,25,IND,42,1235,,.509,.662,.333,.587,.752,.615,.267,.466,,110,124,94,110,97,109,108,117,,43.1,42.8,turnemy01
551,Jonas Valančiūnas,C,29,NOP,74,2240,,.544,.581,.361,.574,.820,.617,.308,.168,,118,109,102,108,106,109,124,42,,79.5,108.2,valanjo01
552,Denzel Valentine,SG,28,TOT,24,222,,.379,.316,.404,.523,,.523,.000,.712,,82,59,114,98,,92,,178,,-1.2,-5.7,valende01
553,Jarred Vanderbilt,PF,22,MIN,74,1880,,.587,.605,.143,.590,.656,.612,.363,.039,,127,114,40,111,85,108,146,10,,42.1,38.1,vandeja01
554,Fred VanVleet,PG,27,TOR,65,2462,,.403,.440,.377,.513,.874,.552,.202,.585,,87,83,107,97,113,98,82,147,,-40.5,-32.4,vanvlfr01
555,Devin Vassell,SF,21,SAS,71,1937,,.427,.492,.361,.516,.838,.540,.130,.497,,93,92,102,97,108,95,52,125,,-23.4,-42.2,vassede01
556,Gabe Vincent,PG,25,MIA,68,1589,,.417,.500,.368,.533,.815,.551,.105,.630,,90,94,104,100,105,97,42,158,,1.5,-16.6,vincega01
557,Nikola Vučević,C,31,CHI,73,2418,,.473,.537,.314,.518,.760,.533,.105,.287,,103,101,89,97,98,94,42,72,,-31.1,-78.6,vucevni01
558,Dean Wade,PF,25,CLE,51,980,,.456,.640,.359,.574,.667,.584,.138,.654,,99,120,102,108,86,103,56,164,,18.2,8.4,wadede01
559,Franz Wagner,SF,20,ORL,79,2429,,.468,.511,.354,.517,.863,.559,.225,.278,,101,96,100,97,111,99,91,70,,-28.8,-15.8,wagnefr01
560,Moritz Wagner,C,24,ORL,63,960,,.497,.672,.328,.581,.806,.623,.326,.508,,108,126,93,109,104,110,131,127,,38.9,51.5,wagnemo01
561,Ish Wainright,PF,27,PHO,45,359,,.394,.489,.322,.486,.583,.494,.115,.567,,85,92,91,91,75,87,46,142,,-9.6,-15.7,wainris01
562,Kemba Walker,PG,31,NYK,37,948,,.403,.444,.367,.501,.845,.537,.192,.538,,87,83,104,94,109,95,77,135,,-22.5,-23.2,walkeke02
563,Lonnie Walker IV,SG,23,SAS,70,1612,,.407,.487,.314,.480,.784,.512,.194,.462,,88,91,89,90,101,90,78,116,,-79.4,-89.6,walkelo01
564,M.J. Walker,SG,23,PHO,2,8,,.000,.000,.000,.000,,.000,.000,.500,,,,,,,,,125,,-4.3,-4.5,walkemj01
565,Tyrone Wallace,SG,27,NOP,6,75,,.350,.417,.250,.400,.200,.383,.250,.400,,76,78,71,75,26,68,101,100,,-5.3,-8.1,wallaty01
566,Derrick Walton,PG,26,DET,3,108,,.231,.231,.231,.288,1.000,.342,.154,.500,,50,43,65,54,129,60,62,125,,-12.6,-12.4,waltode01
567,Brad Wanamaker,PG,32,TOT,23,320,,.364,.400,.235,.390,.920,.472,.325,.221,,79,75,67,73,119,83,131,55,,-21.9,-16.6,wanambr01
568,Duane Washington Jr.,PG,21,IND,48,968,,.405,.434,.377,.500,.754,.521,.143,.504,,88,81,107,94,97,92,58,126,,-27.1,-40.7,washidu02
569,P.J. Washington,C,23,CHO,65,1768,,.470,.606,.365,.573,.716,.588,.152,.566,,102,114,103,108,92,104,61,142,,44.3,25.4,washipj01
570,Yuta Watanabe,SF,27,TOR,38,445,,.406,.492,.342,.504,.600,.524,.290,.572,,88,92,97,95,77,93,117,143,,-7.7,-13.1,watanyu01
571,Lindy Waters III,SG,24,OKC,25,465,,.406,.621,.363,.557,.800,.562,.029,.834,,88,117,103,105,103,99,12,209,,8.9,-1.6,waterli01
572,Tremont Waters,PG,24,TOT,3,50,,.286,.400,.222,.357,,.357,.000,.643,,62,75,63,67,,63,,161,,-4.9,-5.8,watertr01
573,Trendon Watford,SF,21,POR,48,869,,.532,.581,.237,.549,.755,.590,.352,.142,,115,109,67,103,98,104,142,36,,9.1,14.9,watfotr01
574,Paul Watson,SF,27,OKC,9,156,,.343,.667,.231,.429,.500,.432,.057,.743,,74,125,65,81,65,76,23,186,,-7.2,-9.6,watsopa01
575,Quinndary Weatherspoon,SG,25,GSW,11,73,,.571,.688,.200,.595,1.000,.647,.238,.238,,124,129,57,112,129,114,96,60,,2.7,3.7,weathqu01
576,Russell Westbrook,PG,33,LAL,78,2678,,.444,.485,.298,.476,.667,.512,.324,.215,,96,91,84,90,86,90,130,54,,-136.1,-153.5,westbru01
577,Coby White,PG,21,CHI,61,1675,,.433,.491,.385,.539,.857,.564,.141,.548,,94,92,109,101,111,100,57,137,,9.2,-2.3,whiteco01
578,Derrick White,SG,27,TOT,75,2199,,.421,.515,.312,.493,.864,.549,.294,.461,,91,97,88,93,112,97,118,116,,-61.7,-30.6,whitede01
579,Hassan Whiteside,C,32,UTA,65,1162,,.652,.652,,.652,.623,.662,.506,.000,,141,122,,123,80,117,204,,,79.1,77.3,whiteha01
580,Joe Wieskamp,SG,22,SAS,29,205,,.357,.462,.326,.482,.538,.494,.232,.768,,77,87,92,91,70,87,94,192,,-5.5,-8.9,wieskjo01
581,Aaron Wiggins,SG,23,OKC,50,1209,,.463,.573,.304,.525,.729,.556,.252,.409,,100,108,86,99,94,98,102,103,,-4.4,-7.8,wiggiaa01
582,Andrew Wiggins,SF,26,GSW,73,2329,,.466,.513,.393,.543,.634,.560,.231,.392,,101,96,111,102,82,99,93,98,,23.4,-14.5,wiggian01
583,Lindell Wigginton,PG,23,MIL,19,199,,.426,.486,.346,.500,.543,.524,.574,.426,,92,91,98,94,70,93,231,107,,-3.9,-6.5,wiggili01
584,Brandon Williams,PG,22,POR,24,640,,.372,.420,.292,.427,.701,.476,.344,.376,,81,79,83,80,91,84,139,94,,-58.9,-58.5,willibr03
585,Grant Williams,PF,23,BOS,77,1875,,.475,.569,.411,.597,.905,.635,.220,.597,,103,107,116,112,117,112,89,150,,56.6,65.7,willigr01
586,Kenrich Williams,SF,27,OKC,49,1072,,.461,.536,.339,.525,.545,.532,.174,.382,,100,101,96,99,70,94,70,96,,-4.1,-23.2,willike04
587,Lou Williams,PG,35,ATL,56,799,,.391,.404,.363,.448,.859,.500,.244,.319,,85,76,103,84,111,88,98,80,,-53.3,-47.1,willilo02
588,Patrick Williams,PF,20,CHI,17,422,,.529,.534,.517,.603,.732,.637,.402,.284,,115,100,146,113,94,113,162,71,,14.5,17.1,willipa01
589,Robert Williams,C,24,BOS,61,1804,,.736,.738,.000,.736,.722,.745,.245,.003,,160,139,,139,93,132,99,1,,150.7,145.6,williro04
590,Ziaire Williams,SF,20,MEM,62,1346,,.450,.632,.314,.540,.782,.559,.130,.571,,98,119,89,102,101,99,52,143,,7.1,-6.4,willizi02
591,D.J. Wilson,PF,25,TOR,4,54,,.733,.846,.000,.733,.800,.773,.667,.133,,159,159,,138,103,137,269,33,,6.0,8.0,wilsodj01
592,Dylan Windler,SF,25,CLE,50,459,,.378,.571,.300,.485,.833,.519,.184,.714,,82,107,85,91,108,92,74,179,,-9.2,-9.9,windldy01
593,Justise Winslow,PF,25,TOT,48,774,,.428,.497,.227,.457,.591,.479,.257,.257,,93,93,64,86,76,85,103,64,,-38.3,-49.8,winslju01
594,Cassius Winston,PG,23,WAS,7,39,,.364,.400,.333,.455,1.000,.549,.364,.545,,79,75,94,85,129,97,147,137,,-1.7,-0.4,winstca01
595,Robert Woodard II,SF,22,SAC,12,42,,.125,.083,.250,.156,1.000,.207,.125,.250,,27,16,71,29,129,37,50,63,,-12.0,-12.1,woodaro01
596,Christian Wood,C,26,HOU,68,2094,,.501,.570,.390,.576,.623,.595,.378,.383,,109,107,110,108,80,105,152,96,,77.4,58.7,woodch01
597,Delon Wright,SG,29,ATL,77,1452,,.454,.510,.379,.535,.857,.576,.234,.431,,98,96,107,101,111,102,94,108,,2.0,6.1,wrighde01
598,McKinley Wright IV,PG,23,MIN,5,19,,.667,1.000,.500,.833,,.833,.000,.667,,145,188,141,157,,147,,167,,1.8,1.6,wrighmc01
599,Moses Wright,PF,23,TOT,4,14,,.250,.333,.000,.250,1.000,.470,.750,.250,,54,63,,47,129,83,302,63,,-2.3,-1.0,wrighmo01
600,Gabe York,SG,28,IND,2,21,,.286,1.000,.167,.357,.600,.435,.714,.857,,62,188,47,67,77,77,288,215,,-2.4,-2.4,yorkga01
601,Thaddeus Young,PF,33,TOT,52,845,,.518,.554,.354,.550,.469,.548,.180,.176,,112,104,100,103,61,97,73,44,,9.8,-10.3,youngth01
602,Trae Young,PG,23,ATL,76,2652,,.460,.512,.382,.536,.904,.603,.358,.395,,100,96,108,101,117,107,144,99,,13.1,131.8,youngtr01
603,Omer Yurtseven,C,23,MIA,56,706,,.526,.547,.091,.528,.623,.546,.247,.045,,114,103,26,99,80,96,100,11,,-1.7,-11.0,yurtsom01
604,Cody Zeller,C,29,POR,27,355,,.567,.593,.000,.567,.776,.627,.544,.044,,123,111,,107,100,111,219,11,,6.3,13.7,zelleco01
605,Ivica Zubac,C,24,LAC,76,1852,,.626,.626,,.626,.727,.660,.459,.000,,136,118,,118,94,117,185,,,93.6,111.6,zubaciv01